ProdId,ITEMID,OprID,WORKER,WrkCtrID,CalcHours,Amount,Hours,QTYERROR,QTYGOOD
B000001,P0001,Curing,0,3110,38.971120,194.860000,19.485560,0.000000,2917.000000
B000001,P0001,Dispense,0,3110,58.456680,292.280000,29.228340,0.000000,2917.000000
B000001,P0001,DispOpr,0,3110,29.228340,292.280000,29.228340,0.000000,0.000000
B000001,P0001,Trim/Cut,0,3110,19.485560,97.430000,9.742780,0.000000,2917.000000
B000001,P0001,TrimOpr,0,3110,9.742780,97.430000,9.742780,0.000000,0.000000
B000002,P0001,Curing,0,3110,1.563120,7.820000,0.781560,0.000000,117.000000
B000002,P0001,Dispense,0,3110,2.344680,11.720000,1.172340,0.000000,117.000000
B000002,P0001,DispOpr,0,3110,1.172340,11.720000,1.172340,0.000000,0.000000
B000002,P0001,Mix/Heat,0,3110,4.689360,23.450000,2.344680,0.000000,117.000000
B000002,P0001,MixOpr,0,3110,2.344680,23.450000,2.344680,0.000000,0.000000
B000002,P0001,Trim/Cut,0,3110,0.781560,3.910000,0.390780,0.000000,117.000000
B000002,P0001,TrimOpr,0,3110,0.390780,3.910000,0.390780,0.000000,0.000000
B000003,P0001,Curing,0,3110,1.563120,7.820000,0.781560,0.000000,117.000000
B000003,P0001,Dispense,0,3110,2.344680,11.720000,1.172340,0.000000,117.000000
B000003,P0001,DispOpr,0,3110,1.172340,11.720000,1.172340,0.000000,0.000000
B000003,P0001,Mix/Heat,0,3110,4.689360,23.450000,2.344680,0.000000,117.000000
B000003,P0001,MixOpr,0,3110,2.344680,23.450000,2.344680,0.000000,0.000000
B000003,P0001,Trim/Cut,0,3110,0.781560,3.910000,0.390780,0.000000,117.000000
B000003,P0001,TrimOpr,0,3110,0.390780,3.910000,0.390780,0.000000,0.000000
B000004,P0001,Curing,0,3110,0.467600,2.340000,0.233800,0.000000,35.000000
B000004,P0001,Dispense,0,3110,0.701400,3.510000,0.350700,0.000000,35.000000
B000004,P0001,DispOpr,0,3110,0.350700,3.510000,0.350700,0.000000,0.000000
B000004,P0001,Mix/Heat,0,3110,1.402800,7.010000,0.701400,0.000000,35.000000
B000004,P0001,MixOpr,0,3110,0.701400,7.010000,0.701400,0.000000,0.000000
B000004,P0001,Trim/Cut,0,3110,0.233800,1.170000,0.116900,0.000000,35.000000
B000004,P0001,TrimOpr,0,3110,0.116900,1.170000,0.116900,0.000000,0.000000
B000005,P0001,Curing,0,3110,0.307280,1.540000,0.153640,0.000000,23.000000
B000005,P0001,Dispense,0,3110,0.460920,2.300000,0.230460,0.000000,23.000000
B000005,P0001,DispOpr,0,3110,0.230460,2.300000,0.230460,0.000000,0.000000
B000005,P0001,Mix/Heat,0,3110,0.921840,4.610000,0.460920,0.000000,23.000000
B000005,P0001,MixOpr,0,3110,0.460920,4.610000,0.460920,0.000000,0.000000
B000005,P0001,Trim/Cut,0,3110,0.153640,0.770000,0.076820,0.000000,23.000000
B000005,P0001,TrimOpr,0,3110,0.076820,0.770000,0.076820,0.000000,0.000000
B000006,P0001,Curing,0,3110,0.360720,1.800000,0.180360,0.000000,27.000000
B000006,P0001,Dispense,0,3110,0.541080,2.710000,0.270540,0.000000,27.000000
B000006,P0001,DispOpr,0,3110,0.270540,2.710000,0.270540,0.000000,0.000000
B000006,P0001,Mix/Heat,0,3110,1.082160,5.410000,0.541080,0.000000,27.000000
B000006,P0001,MixOpr,0,3110,0.541080,5.410000,0.541080,0.000000,0.000000
B000006,P0001,Trim/Cut,0,3110,0.180360,0.900000,0.090180,0.000000,27.000000
B000006,P0001,TrimOpr,0,3110,0.090180,0.900000,0.090180,0.000000,0.000000
B000007,P0001,Curing,0,3110,1.242480,6.210000,0.621240,0.000000,93.000000
B000007,P0001,Dispense,0,3110,1.863720,9.320000,0.931860,0.000000,93.000000
B000007,P0001,DispOpr,0,3110,0.931860,9.320000,0.931860,0.000000,0.000000
B000007,P0001,Mix/Heat,0,3110,3.727440,18.640000,1.863720,0.000000,93.000000
B000007,P0001,MixOpr,0,3110,1.863720,18.640000,1.863720,0.000000,0.000000
B000007,P0001,Trim/Cut,0,3110,0.621240,3.110000,0.310620,0.000000,93.000000
B000007,P0001,TrimOpr,0,3110,0.310620,3.110000,0.310620,0.000000,0.000000
B000008,P0001,Curing,0,3110,1.563120,7.820000,0.781560,0.000000,117.000000
B000008,P0001,Dispense,0,3110,2.344680,11.720000,1.172340,0.000000,117.000000
B000008,P0001,DispOpr,0,3110,1.172340,11.720000,1.172340,0.000000,0.000000
B000008,P0001,Mix/Heat,0,3110,4.689360,23.450000,2.344680,0.000000,117.000000
B000008,P0001,MixOpr,0,3110,2.344680,23.450000,2.344680,0.000000,0.000000
B000008,P0001,Trim/Cut,0,3110,0.781560,3.910000,0.390780,0.000000,117.000000
B000008,P0001,TrimOpr,0,3110,0.390780,3.910000,0.390780,0.000000,0.000000
B000009,P0001,Curing,0,3110,1.563120,7.820000,0.781560,0.000000,117.000000
B000009,P0001,Dispense,0,3110,2.344680,11.720000,1.172340,0.000000,117.000000
B000009,P0001,DispOpr,0,3110,1.172340,11.720000,1.172340,0.000000,0.000000
B000009,P0001,Mix/Heat,0,3110,4.689360,23.450000,2.344680,0.000000,117.000000
B000009,P0001,MixOpr,0,3110,2.344680,23.450000,2.344680,0.000000,0.000000
B000009,P0001,Trim/Cut,0,3110,0.781560,3.910000,0.390780,0.000000,117.000000
B000009,P0001,TrimOpr,0,3110,0.390780,3.910000,0.390780,0.000000,0.000000
B000010,P0001,Curing,0,3110,1.242480,6.210000,0.621240,0.000000,93.000000
B000010,P0001,Dispense,0,3110,1.863720,9.320000,0.931860,0.000000,93.000000
B000010,P0001,DispOpr,0,3110,0.931860,9.320000,0.931860,0.000000,0.000000
B000010,P0001,Mix/Heat,0,3110,3.727440,18.640000,1.863720,0.000000,93.000000
B000010,P0001,MixOpr,0,3110,1.863720,18.640000,1.863720,0.000000,0.000000
B000010,P0001,Trim/Cut,0,3110,0.621240,3.110000,0.310620,0.000000,93.000000
B000010,P0001,TrimOpr,0,3110,0.310620,3.110000,0.310620,0.000000,0.000000
B000011,P0001,Curing,0,3110,1.843680,9.220000,0.921840,0.000000,138.000000
B000011,P0001,Dispense,0,3110,2.765520,13.830000,1.382760,0.000000,138.000000
B000011,P0001,DispOpr,0,3110,1.382760,13.830000,1.382760,0.000000,0.000000
B000011,P0001,Mix/Heat,0,3110,5.531040,27.660000,2.765520,0.000000,138.000000
B000011,P0001,MixOpr,0,3110,2.765520,27.660000,2.765520,0.000000,0.000000
B000011,P0001,Trim/Cut,0,3110,0.921840,4.610000,0.460920,0.000000,138.000000
B000011,P0001,TrimOpr,0,3110,0.460920,4.610000,0.460920,0.000000,0.000000
B000012,P0001,Curing,0,3110,1.563120,7.820000,0.781560,0.000000,117.000000
B000012,P0001,Dispense,0,3110,2.344680,11.720000,1.172340,0.000000,117.000000
B000012,P0001,DispOpr,0,3110,1.172340,11.720000,1.172340,0.000000,0.000000
B000012,P0001,Mix/Heat,0,3110,4.689360,23.450000,2.344680,0.000000,117.000000
B000012,P0001,MixOpr,0,3110,2.344680,23.450000,2.344680,0.000000,0.000000
B000012,P0001,Trim/Cut,0,3110,0.781560,3.910000,0.390780,0.000000,117.000000
B000012,P0001,TrimOpr,0,3110,0.390780,3.910000,0.390780,0.000000,0.000000
B000013,P0001,Curing,0,3110,0.347360,1.740000,0.173680,0.000000,26.000000
B000013,P0001,Dispense,0,3110,0.521040,2.610000,0.260520,0.000000,26.000000
B000013,P0001,DispOpr,0,3110,0.260520,2.610000,0.260520,0.000000,0.000000
B000013,P0001,Mix/Heat,0,3110,1.042080,5.210000,0.521040,0.000000,26.000000
B000013,P0001,MixOpr,0,3110,0.521040,5.210000,0.521040,0.000000,0.000000
B000013,P0001,Trim/Cut,0,3110,0.173680,0.870000,0.086840,0.000000,26.000000
B000013,P0001,TrimOpr,0,3110,0.086840,0.870000,0.086840,0.000000,0.000000
B000014,P0001,Curing,0,3110,0.307280,1.540000,0.153640,0.000000,23.000000
B000014,P0001,Dispense,0,3110,0.460920,2.300000,0.230460,0.000000,23.000000
B000014,P0001,DispOpr,0,3110,0.230460,2.300000,0.230460,0.000000,0.000000
B000014,P0001,Mix/Heat,0,3110,0.921840,4.610000,0.460920,0.000000,23.000000
B000014,P0001,MixOpr,0,3110,0.460920,4.610000,0.460920,0.000000,0.000000
B000014,P0001,Trim/Cut,0,3110,0.153640,0.770000,0.076820,0.000000,23.000000
B000014,P0001,TrimOpr,0,3110,0.076820,0.770000,0.076820,0.000000,0.000000
B000015,P0001,Curing,0,3110,0.467600,2.340000,0.233800,0.000000,35.000000
B000015,P0001,Dispense,0,3110,0.701400,3.510000,0.350700,0.000000,35.000000
B000015,P0001,DispOpr,0,3110,0.350700,3.510000,0.350700,0.000000,0.000000
B000015,P0001,Mix/Heat,0,3110,1.402800,7.010000,0.701400,0.000000,35.000000
B000015,P0001,MixOpr,0,3110,0.701400,7.010000,0.701400,0.000000,0.000000
B000015,P0001,Trim/Cut,0,3110,0.233800,1.170000,0.116900,0.000000,35.000000
B000015,P0001,TrimOpr,0,3110,0.116900,1.170000,0.116900,0.000000,0.000000
B000016,P0001,Curing,0,3110,0.240480,1.200000,0.120240,0.000000,18.000000
B000016,P0001,Dispense,0,3110,0.360720,1.800000,0.180360,0.000000,18.000000
B000016,P0001,DispOpr,0,3110,0.180360,1.800000,0.180360,0.000000,0.000000
B000016,P0001,Mix/Heat,0,3110,0.721440,3.610000,0.360720,0.000000,18.000000
B000016,P0001,MixOpr,0,3110,0.360720,3.610000,0.360720,0.000000,0.000000
B000016,P0001,Trim/Cut,0,3110,0.120240,0.600000,0.060120,0.000000,18.000000
B000016,P0001,TrimOpr,0,3110,0.060120,0.600000,0.060120,0.000000,0.000000
B000017,P0001,Curing,0,3110,0.387440,1.940000,0.193720,0.000000,29.000000
B000017,P0001,Dispense,0,3110,0.581160,2.910000,0.290580,0.000000,29.000000
B000017,P0001,DispOpr,0,3110,0.290580,2.910000,0.290580,0.000000,0.000000
B000017,P0001,Mix/Heat,0,3110,1.162320,5.810000,0.581160,0.000000,29.000000
B000017,P0001,MixOpr,0,3110,0.581160,5.810000,0.581160,0.000000,0.000000
B000017,P0001,Trim/Cut,0,3110,0.193720,0.970000,0.096860,0.000000,29.000000
B000017,P0001,TrimOpr,0,3110,0.096860,0.970000,0.096860,0.000000,0.000000
B-000017,P3000,Extraction,0,1101,53.280000,0.000000,53.280000,0.000000,0.000000
B-000017,P3000,Grading,0,11,159.840000,0.000000,479.520000,0.000000,0.000000
B-000017,P3000,Washing,0,1102,53.280000,0.000000,53.280000,0.000000,0.000000
B-000017,P6000,Extraction,0,1101,53.280000,0.000000,53.280000,0.000000,0.000000
B-000017,P6000,Grading,0,11,159.840000,0.000000,479.520000,0.000000,0.000000
B-000017,P6000,Washing,0,1102,53.280000,0.000000,53.280000,0.000000,0.000000
B000018,P0001,Curing,0,3110,0.387440,1.940000,0.193720,0.000000,29.000000
B000018,P0001,Dispense,0,3110,0.581160,2.910000,0.290580,0.000000,29.000000
B000018,P0001,DispOpr,0,3110,0.290580,2.910000,0.290580,0.000000,0.000000
B000018,P0001,Mix/Heat,0,3110,1.162320,5.810000,0.581160,0.000000,29.000000
B000018,P0001,MixOpr,0,3110,0.581160,5.810000,0.581160,0.000000,0.000000
B000018,P0001,Trim/Cut,0,3110,0.193720,0.970000,0.096860,0.000000,29.000000
B000018,P0001,TrimOpr,0,3110,0.096860,0.970000,0.096860,0.000000,0.000000
B-000018,P3001,Extraction,0,1101,53.280000,0.000000,53.280000,0.000000,0.000000
B-000018,P3001,Grading,0,11,159.840000,0.000000,479.520000,0.000000,0.000000
B-000018,P3001,Washing,0,1102,53.280000,0.000000,53.280000,0.000000,0.000000
B-000018,P6000,Extraction,0,1101,53.280000,0.000000,53.280000,0.000000,0.000000
B-000018,P6000,Grading,0,11,159.840000,0.000000,479.520000,0.000000,0.000000
B-000018,P6000,Washing,0,1102,53.280000,0.000000,53.280000,0.000000,0.000000
B000019,P0001,Curing,0,3110,0.387440,1.940000,0.193720,0.000000,29.000000
B000019,P0001,Dispense,0,3110,0.581160,2.910000,0.290580,0.000000,29.000000
B000019,P0001,DispOpr,0,3110,0.290580,2.910000,0.290580,0.000000,0.000000
B000019,P0001,Mix/Heat,0,3110,1.162320,5.810000,0.581160,0.000000,29.000000
B000019,P0001,MixOpr,0,3110,0.581160,5.810000,0.581160,0.000000,0.000000
B000019,P0001,Trim/Cut,0,3110,0.193720,0.970000,0.096860,0.000000,29.000000
B000019,P0001,TrimOpr,0,3110,0.096860,0.970000,0.096860,0.000000,0.000000
B-000019,P3002,Extraction,0,1101,53.280000,0.000000,53.280000,0.000000,0.000000
B-000019,P3002,Grading,0,11,159.840000,0.000000,479.520000,0.000000,0.000000
B-000019,P3002,Washing,0,1102,53.280000,0.000000,53.280000,0.000000,0.000000
B-000019,P6000,Extraction,0,1101,53.280000,0.000000,53.280000,0.000000,0.000000
B-000019,P6000,Grading,0,11,159.840000,0.000000,479.520000,0.000000,0.000000
B-000019,P6000,Washing,0,1102,53.280000,0.000000,53.280000,0.000000,0.000000
B000020,P0001,Curing,0,3110,0.240480,1.200000,0.120240,0.000000,18.000000
B000020,P0001,Dispense,0,3110,0.360720,1.800000,0.180360,0.000000,18.000000
B000020,P0001,DispOpr,0,3110,0.180360,1.800000,0.180360,0.000000,0.000000
B000020,P0001,Mix/Heat,0,3110,0.721440,3.610000,0.360720,0.000000,18.000000
B000020,P0001,MixOpr,0,3110,0.360720,3.610000,0.360720,0.000000,0.000000
B000020,P0001,Trim/Cut,0,3110,0.120240,0.600000,0.060120,0.000000,18.000000
B000020,P0001,TrimOpr,0,3110,0.060120,0.600000,0.060120,0.000000,0.000000
B-000020,P3003,Extraction,0,1101,53.280000,0.000000,53.280000,0.000000,0.000000
B-000020,P3003,Grading,0,11,159.840000,0.000000,479.520000,0.000000,0.000000
B-000020,P3003,Washing,0,1102,53.280000,0.000000,53.280000,0.000000,0.000000
B-000020,P6000,Extraction,0,1101,53.280000,0.000000,53.280000,0.000000,0.000000
B-000020,P6000,Grading,0,11,159.840000,0.000000,479.520000,0.000000,0.000000
B-000020,P6000,Washing,0,1102,53.280000,0.000000,53.280000,0.000000,0.000000
B000021,P0001,Curing,0,3110,0.467600,2.340000,0.233800,0.000000,35.000000
B000021,P0001,Dispense,0,3110,0.701400,3.510000,0.350700,0.000000,35.000000
B000021,P0001,DispOpr,0,3110,0.350700,3.510000,0.350700,0.000000,0.000000
B000021,P0001,Mix/Heat,0,3110,1.402800,7.010000,0.701400,0.000000,35.000000
B000021,P0001,MixOpr,0,3110,0.701400,7.010000,0.701400,0.000000,0.000000
B000021,P0001,Trim/Cut,0,3110,0.233800,1.170000,0.116900,0.000000,35.000000
B000021,P0001,TrimOpr,0,3110,0.116900,1.170000,0.116900,0.000000,0.000000
B-000021,P3004,Fill/Pack,0,4104,10.495833,0.000000,10.496000,0.000000,0.000000
B-000021,P3004,Fill/Pack1,0,4102,10.495833,0.000000,10.496000,0.000000,0.000000
B-000021,P7000,Fill/Pack,0,4104,10.495833,0.000000,10.496000,0.000000,0.000000
B-000021,P7000,Fill/Pack1,0,4102,10.495833,0.000000,10.496000,0.000000,0.000000
B000022,P0001,Curing,0,3110,0.467600,2.340000,0.233800,0.000000,35.000000
B000022,P0001,Dispense,0,3110,0.701400,3.510000,0.350700,0.000000,35.000000
B000022,P0001,DispOpr,0,3110,0.350700,3.510000,0.350700,0.000000,0.000000
B000022,P0001,Mix/Heat,0,3110,1.402800,7.010000,0.701400,0.000000,35.000000
B000022,P0001,MixOpr,0,3110,0.701400,7.010000,0.701400,0.000000,0.000000
B000022,P0001,Trim/Cut,0,3110,0.233800,1.170000,0.116900,0.000000,35.000000
B000022,P0001,TrimOpr,0,3110,0.116900,1.170000,0.116900,0.000000,0.000000
B-000022,P3005,Fill/Pack,0,4104,10.495833,0.000000,10.496000,0.000000,0.000000
B-000022,P3005,Fill/Pack1,0,4102,10.495833,0.000000,10.496000,0.000000,0.000000
B-000022,P7000,Fill/Pack,0,4104,10.495833,0.000000,10.496000,0.000000,0.000000
B-000022,P7000,Fill/Pack1,0,4102,10.495833,0.000000,10.496000,0.000000,0.000000
B000023,P0001,Curing,0,3110,0.080160,0.400000,0.040080,0.000000,6.000000
B000023,P0001,Dispense,0,3110,0.120240,0.600000,0.060120,0.000000,6.000000
B000023,P0001,DispOpr,0,3110,0.060120,0.600000,0.060120,0.000000,0.000000
B000023,P0001,Mix/Heat,0,3110,0.240480,1.200000,0.120240,0.000000,6.000000
B000023,P0001,MixOpr,0,3110,0.120240,1.200000,0.120240,0.000000,0.000000
B000023,P0001,Trim/Cut,0,3110,0.040080,0.200000,0.020040,0.000000,6.000000
B000023,P0001,TrimOpr,0,3110,0.020040,0.200000,0.020040,0.000000,0.000000
B-000023,P4000,Fill/Pack,0,4104,10.495833,0.000000,10.496000,0.000000,0.000000
B-000023,P4000,Fill/Pack1,0,4102,10.495833,0.000000,10.496000,0.000000,0.000000
B-000023,P4000,PPExtCut,0,11,10.495833,0.000000,43.587000,0.000000,0.000000
B-000023,P7000,Fill/Pack,0,4104,10.495833,0.000000,10.496000,0.000000,0.000000
B-000023,P7000,Fill/Pack1,0,4102,10.495833,0.000000,10.496000,0.000000,0.000000
B-000023,P7000,PPExtCut,0,11,10.495833,0.000000,43.587000,0.000000,0.000000
B000024,P0001,Curing,0,3110,0.080160,0.400000,0.040080,0.000000,6.000000
B000024,P0001,Dispense,0,3110,0.120240,0.600000,0.060120,0.000000,6.000000
B000024,P0001,DispOpr,0,3110,0.060120,0.600000,0.060120,0.000000,0.000000
B000024,P0001,Mix/Heat,0,3110,0.240480,1.200000,0.120240,0.000000,6.000000
B000024,P0001,MixOpr,0,3110,0.120240,1.200000,0.120240,0.000000,0.000000
B000024,P0001,Trim/Cut,0,3110,0.040080,0.200000,0.020040,0.000000,6.000000
B000024,P0001,TrimOpr,0,3110,0.020040,0.200000,0.020040,0.000000,0.000000
B-000024,P7000,Fill/Pack,0,4104,10.495833,0.000000,10.496000,0.000000,0.000000
B-000024,P7000,Fill/Pack1,0,4102,10.495833,0.000000,10.496000,0.000000,0.000000
B000025,P0001,Curing,0,3110,0.026720,0.130000,0.013360,0.000000,2.000000
B000025,P0001,Dispense,0,3110,0.040080,0.200000,0.020040,0.000000,2.000000
B000025,P0001,DispOpr,0,3110,0.020040,0.200000,0.020040,0.000000,0.000000
B000025,P0001,Mix/Heat,0,3110,0.080160,0.400000,0.040080,0.000000,2.000000
B000025,P0001,MixOpr,0,3110,0.040080,0.400000,0.040080,0.000000,0.000000
B000025,P0001,Trim/Cut,0,3110,0.013360,0.070000,0.006680,0.000000,2.000000
B000025,P0001,TrimOpr,0,3110,0.006680,0.070000,0.006680,0.000000,0.000000
B-000025,P8000,Fill/Pack,0,4104,32.000000,0.000000,32.000000,0.000000,0.000000
B-000025,P8000,Fill/Pack1,0,4102,32.000000,0.000000,32.000000,0.000000,0.000000
B000026,P0001,Curing,0,3117,1.481664,2.470000,0.247160,0.000000,37.000000
B000026,P0001,Dispense,0,3116,2.223336,3.710000,0.370740,0.000000,37.000000
B000026,P0001,DispOpr,22565422737,3111,1.111668,3.710000,0.370740,0.000000,0.000000
B000026,P0001,Mix/Heat,0,3115,4.448334,7.410000,0.741480,0.000000,37.000000
B000026,P0001,MixOpr,22565422737,3111,2.224167,7.410000,0.741480,0.000000,0.000000
B000026,P0001,Trim/Cut,0,3118,0.739998,1.240000,0.123580,0.000000,37.000000
B000026,P0001,TrimOpr,22565422737,3111,0.369999,1.240000,0.123580,0.000000,0.000000
B-000026,P8000,Fill/Pack,0,4104,32.000000,0.000000,32.000000,0.000000,0.000000
B-000026,P8000,Fill/Pack1,0,4102,32.000000,0.000000,32.000000,0.000000,0.000000
B000027,P0001,Curing,0,3117,0.333888,1.670000,0.167000,0.000000,25.000000
B000027,P0001,Dispense,0,3116,0.500556,2.510000,0.250500,0.000000,25.000000
B000027,P0001,DispOpr,22565422737,3111,0.250278,2.510000,0.250500,0.000000,0.000000
B000027,P0001,Mix/Heat,0,3115,1.001666,5.010000,0.501000,0.000000,25.000000
B000027,P0001,MixOpr,22565422737,3111,0.500833,5.010000,0.501000,0.000000,0.000000
B000027,P0001,Trim/Cut,0,3118,0.166666,0.840000,0.083500,0.000000,25.000000
B000027,P0001,TrimOpr,22565422737,3111,0.083333,0.840000,0.083500,0.000000,0.000000
B-000027,P8000,Fill/Pack,0,4104,32.000000,0.000000,32.000000,0.000000,0.000000
B-000027,P8000,Fill/Pack1,0,4102,32.000000,0.000000,32.000000,0.000000,0.000000
B000028,P0001,Curing,0,3117,0.373888,1.870000,0.187040,0.000000,28.000000
B000028,P0001,Dispense,0,3116,0.561112,2.810000,0.280560,0.000000,28.000000
B000028,P0001,DispOpr,22565422737,3111,0.280556,2.810000,0.280560,0.000000,0.000000
B000028,P0001,Mix/Heat,0,3115,1.122222,5.610000,0.561120,0.000000,28.000000
B000028,P0001,MixOpr,22565422737,3111,0.561111,5.610000,0.561120,0.000000,0.000000
B000028,P0001,Trim/Cut,0,3118,0.186666,0.940000,0.093520,0.000000,28.000000
B000028,P0001,TrimOpr,22565422737,3111,0.093333,0.940000,0.093520,0.000000,0.000000
B-000028,P8000,Fill/Pack,0,4104,32.000000,0.000000,32.000000,0.000000,0.000000
B-000028,P8000,Fill/Pack1,0,4102,32.000000,0.000000,32.000000,0.000000,0.000000
B000029,P0001,Curing,0,3117,1.642778,8.220000,0.821640,0.000000,123.000000
B000029,P0001,Dispense,0,3116,2.464444,12.320000,1.232460,0.000000,123.000000
B000029,P0001,DispOpr,22565422737,3111,1.232222,12.320000,1.232460,0.000000,0.000000
B000029,P0001,Mix/Heat,0,3115,4.929444,24.650000,2.464920,0.000000,123.000000
B000029,P0001,MixOpr,22565422737,3111,2.464722,24.650000,2.464920,0.000000,0.000000
B000029,P0001,Trim/Cut,0,3118,0.821112,4.110000,0.410820,0.000000,123.000000
B000029,P0001,TrimOpr,22565422737,3111,0.410556,4.110000,0.410820,0.000000,0.000000
B-000029,P9000,Fill/Pack,0,5103,10.666667,0.000000,10.666667,0.000000,0.000000
B-000029,P9000,Pasteur,0,5102,10.666667,0.000000,10.666667,0.000000,0.000000
B-000029,P9000,Reconst,0,5101,10.666667,0.000000,10.666667,0.000000,0.000000
B000030,P0001,Curing,0,3117,1.642778,8.220000,0.821640,0.000000,123.000000
B000030,P0001,Dispense,0,3116,2.464444,12.320000,1.232460,0.000000,123.000000
B000030,P0001,DispOpr,22565422737,3111,1.232222,12.320000,1.232460,0.000000,0.000000
B000030,P0001,Mix/Heat,0,3115,4.929444,24.650000,2.464920,0.000000,123.000000
B000030,P0001,MixOpr,22565422737,3111,2.464722,24.650000,2.464920,0.000000,0.000000
B000030,P0001,Trim/Cut,0,3118,0.821112,4.110000,0.410820,0.000000,123.000000
B000030,P0001,TrimOpr,22565422737,3111,0.410556,4.110000,0.410820,0.000000,0.000000
B-000030,P9000,Fill/Pack,0,5103,10.666667,0.000000,10.666667,0.000000,0.000000
B-000030,P9000,Pasteur,0,5102,10.666667,0.000000,10.666667,0.000000,0.000000
B-000030,P9000,Reconst,0,5101,10.666667,0.000000,10.666667,0.000000,0.000000
B000031,P0001,Curing,0,3117,1.308888,6.550000,0.654640,0.000000,98.000000
B000031,P0001,Dispense,0,3116,1.963888,9.820000,0.981960,0.000000,98.000000
B000031,P0001,DispOpr,22565422737,3111,0.981944,9.820000,0.981960,0.000000,0.000000
B000031,P0001,Mix/Heat,0,3115,3.927778,19.640000,1.963920,0.000000,98.000000
B000031,P0001,MixOpr,22565422737,3111,1.963889,19.640000,1.963920,0.000000,0.000000
B000031,P0001,Trim/Cut,0,3118,0.654444,3.270000,0.327320,0.000000,98.000000
B000031,P0001,TrimOpr,22565422737,3111,0.327222,3.270000,0.327320,0.000000,0.000000
B-000031,P9000,Fill/Pack,0,5103,10.666667,0.000000,10.666667,0.000000,0.000000
B-000031,P9000,Pasteur,0,5102,10.666667,0.000000,10.666667,0.000000,0.000000
B-000031,P9000,Reconst,0,5101,10.666667,0.000000,10.666667,0.000000,0.000000
B000032,P0001,Curing,0,3117,1.936666,9.690000,0.968600,0.000000,145.000000
B000032,P0001,Dispense,0,3116,2.905556,14.530000,1.452900,0.000000,145.000000
B000032,P0001,DispOpr,22565422737,3111,1.452778,14.530000,1.452900,0.000000,0.000000
B000032,P0001,Mix/Heat,0,3115,5.811112,29.060000,2.905800,0.000000,145.000000
B000032,P0001,MixOpr,22565422737,3111,2.905556,29.060000,2.905800,0.000000,0.000000
B000032,P0001,Trim/Cut,0,3118,0.968334,4.840000,0.484300,0.000000,145.000000
B000032,P0001,TrimOpr,22565422737,3111,0.484167,4.840000,0.484300,0.000000,0.000000
B-000032,P9000,Fill/Pack,0,5103,10.666667,0.000000,10.666667,0.000000,0.000000
B-000032,P9000,Pasteur,0,5102,10.666667,0.000000,10.666667,0.000000,0.000000
B-000032,P9000,Reconst,0,5101,10.666667,0.000000,10.666667,0.000000,0.000000
B000033,P0001,Curing,0,3117,1.642778,8.220000,0.821640,0.000000,123.000000
B000033,P0001,Dispense,0,3116,2.464444,12.320000,1.232460,0.000000,123.000000
B000033,P0001,DispOpr,22565422737,3111,1.232222,12.320000,1.232460,0.000000,0.000000
B000033,P0001,Mix/Heat,0,3115,4.929444,24.650000,2.464920,0.000000,123.000000
B000033,P0001,MixOpr,22565422737,3111,2.464722,24.650000,2.464920,0.000000,0.000000
B000033,P0001,Trim/Cut,0,3118,0.821112,4.110000,0.410820,0.000000,123.000000
B000033,P0001,TrimOpr,22565422737,3111,0.410556,4.110000,0.410820,0.000000,0.000000
B-000033,P6000,Extraction,0,1101,53.280000,0.000000,53.280000,0.000000,0.000000
B-000033,P6000,Grading,0,11,159.840000,0.000000,479.520000,0.000000,0.000000
B-000033,P6000,Washing,0,1102,53.280000,0.000000,53.280000,0.000000,0.000000
B000034,P0001,Curing,0,3117,0.360556,1.800000,0.180360,0.000000,27.000000
B000034,P0001,Dispense,0,3116,0.540556,2.710000,0.270540,0.000000,27.000000
B000034,P0001,DispOpr,22565422737,3111,0.270278,2.710000,0.270540,0.000000,0.000000
B000034,P0001,Mix/Heat,0,3115,1.081666,5.410000,0.541080,0.000000,27.000000
B000034,P0001,MixOpr,22565422737,3111,0.540833,5.410000,0.541080,0.000000,0.000000
B000034,P0001,Trim/Cut,0,3118,0.180000,0.900000,0.090180,0.000000,27.000000
B000034,P0001,TrimOpr,22565422737,3111,0.090000,0.900000,0.090180,0.000000,0.000000
B-000034,P6000,Extraction,0,1101,53.280000,0.000000,53.280000,0.000000,0.000000
B-000034,P6000,Grading,0,11,159.840000,0.000000,479.520000,0.000000,0.000000
B-000034,P6000,Washing,0,1102,53.280000,0.000000,53.280000,0.000000,0.000000
B000035,P0001,Curing,0,3117,0.333888,1.670000,0.167000,0.000000,25.000000
B000035,P0001,Dispense,0,3116,0.500556,2.510000,0.250500,0.000000,25.000000
B000035,P0001,DispOpr,22565422737,3111,0.250278,2.510000,0.250500,0.000000,0.000000
B000035,P0001,Mix/Heat,0,3115,1.001666,5.010000,0.501000,0.000000,25.000000
B000035,P0001,MixOpr,22565422737,3111,0.500833,5.010000,0.501000,0.000000,0.000000
B000035,P0001,Trim/Cut,0,3118,0.166666,0.840000,0.083500,0.000000,25.000000
B000035,P0001,TrimOpr,22565422737,3111,0.083333,0.840000,0.083500,0.000000,0.000000
B-000035,P6000,Extraction,0,1101,53.280000,0.000000,53.280000,0.000000,0.000000
B-000035,P6000,Grading,0,11,159.840000,0.000000,479.520000,0.000000,0.000000
B-000035,P6000,Washing,0,1102,53.280000,0.000000,53.280000,0.000000,0.000000
B000036,P0001,Curing,0,3117,0.493888,2.470000,0.247160,0.000000,37.000000
B000036,P0001,Dispense,0,3116,0.741112,3.710000,0.370740,0.000000,37.000000
B000036,P0001,DispOpr,22565422737,3111,0.370556,3.710000,0.370740,0.000000,0.000000
B000036,P0001,Mix/Heat,0,3115,1.482778,7.410000,0.741480,0.000000,37.000000
B000036,P0001,MixOpr,22565422737,3111,0.741389,7.410000,0.741480,0.000000,0.000000
B000036,P0001,Trim/Cut,0,3118,0.246666,1.240000,0.123580,0.000000,37.000000
B000036,P0001,TrimOpr,22565422737,3111,0.123333,1.240000,0.123580,0.000000,0.000000
B000037,P0001,Curing,0,3117,0.240000,1.200000,0.120240,0.000000,18.000000
B000037,P0001,Dispense,0,3116,0.360556,1.800000,0.180360,0.000000,18.000000
B000037,P0001,DispOpr,22565422737,3111,0.180278,1.800000,0.180360,0.000000,0.000000
B000037,P0001,Mix/Heat,0,3115,0.721112,3.610000,0.360720,0.000000,18.000000
B000037,P0001,MixOpr,22565422737,3111,0.360556,3.610000,0.360720,0.000000,0.000000
B000037,P0001,Trim/Cut,0,3118,0.120000,0.600000,0.060120,0.000000,18.000000
B000037,P0001,TrimOpr,22565422737,3111,0.060000,0.600000,0.060120,0.000000,0.000000
B-000037,P7000,Fill/Pack,0,4104,10.495833,0.000000,10.496000,0.000000,0.000000
B-000037,P7000,Fill/Pack1,0,4102,10.495833,0.000000,10.496000,0.000000,0.000000
B000038,P0001,Curing,0,3117,0.413888,2.070000,0.207080,0.000000,31.000000
B000038,P0001,Dispense,0,3116,0.621112,3.110000,0.310620,0.000000,31.000000
B000038,P0001,DispOpr,22565422737,3111,0.310556,3.110000,0.310620,0.000000,0.000000
B000038,P0001,Mix/Heat,0,3115,1.242222,6.210000,0.621240,0.000000,31.000000
B000038,P0001,MixOpr,22565422737,3111,0.621111,6.210000,0.621240,0.000000,0.000000
B000038,P0001,Trim/Cut,0,3118,0.206666,1.040000,0.103540,0.000000,31.000000
B000038,P0001,TrimOpr,22565422737,3111,0.103333,1.040000,0.103540,0.000000,0.000000
B-000038,P7000,Fill/Pack,0,4104,10.495833,0.000000,10.496000,0.000000,0.000000
B-000038,P7000,Fill/Pack1,0,4102,10.495833,0.000000,10.496000,0.000000,0.000000
B000039,P0001,Curing,0,3117,0.413888,2.070000,0.207080,0.000000,31.000000
B000039,P0001,Dispense,0,3116,0.621112,3.110000,0.310620,0.000000,31.000000
B000039,P0001,DispOpr,22565422737,3111,0.310556,3.110000,0.310620,0.000000,0.000000
B000039,P0001,Mix/Heat,0,3115,1.242222,6.210000,0.621240,0.000000,31.000000
B000039,P0001,MixOpr,22565422737,3111,0.621111,6.210000,0.621240,0.000000,0.000000
B000039,P0001,Trim/Cut,0,3118,0.206666,1.040000,0.103540,0.000000,31.000000
B000039,P0001,TrimOpr,22565422737,3111,0.103333,1.040000,0.103540,0.000000,0.000000
B-000039,P7000,Fill/Pack,0,4104,10.495833,0.000000,10.496000,0.000000,0.000000
B-000039,P7000,Fill/Pack1,0,4102,10.495833,0.000000,10.496000,0.000000,0.000000
B000040,P0001,Curing,0,3117,0.413888,2.070000,0.207080,0.000000,31.000000
B000040,P0001,Dispense,0,3116,0.621112,3.110000,0.310620,0.000000,31.000000
B000040,P0001,DispOpr,22565422737,3111,0.310556,3.110000,0.310620,0.000000,0.000000
B000040,P0001,Mix/Heat,0,3115,1.242222,6.210000,0.621240,0.000000,31.000000
B000040,P0001,MixOpr,22565422737,3111,0.621111,6.210000,0.621240,0.000000,0.000000
B000040,P0001,Trim/Cut,0,3118,0.206666,1.040000,0.103540,0.000000,31.000000
B000040,P0001,TrimOpr,22565422737,3111,0.103333,1.040000,0.103540,0.000000,0.000000
B000041,P0001,Curing,0,3117,0.240000,1.200000,0.120240,0.000000,18.000000
B000041,P0001,Dispense,0,3116,0.360556,1.800000,0.180360,0.000000,18.000000
B000041,P0001,DispOpr,22565422737,3111,0.180278,1.800000,0.180360,0.000000,0.000000
B000041,P0001,Mix/Heat,0,3115,0.721112,3.610000,0.360720,0.000000,18.000000
B000041,P0001,MixOpr,22565422737,3111,0.360556,3.610000,0.360720,0.000000,0.000000
B000041,P0001,Trim/Cut,0,3118,0.120000,0.600000,0.060120,0.000000,18.000000
B000041,P0001,TrimOpr,22565422737,3111,0.060000,0.600000,0.060120,0.000000,0.000000
B-000041,P8000,Fill/Pack,0,4104,32.000000,0.000000,32.000000,0.000000,0.000000
B-000041,P8000,Fill/Pack1,0,4102,32.000000,0.000000,32.000000,0.000000,0.000000
B000042,P0001,Curing,0,3117,0.493888,2.470000,0.247160,0.000000,37.000000
B000042,P0001,Dispense,0,3116,0.741112,3.710000,0.370740,0.000000,37.000000
B000042,P0001,DispOpr,22565422737,3111,0.370556,3.710000,0.370740,0.000000,0.000000
B000042,P0001,Mix/Heat,0,3115,1.482778,7.410000,0.741480,0.000000,37.000000
B000042,P0001,MixOpr,22565422737,3111,0.741389,7.410000,0.741480,0.000000,0.000000
B000042,P0001,Trim/Cut,0,3118,0.246666,1.240000,0.123580,0.000000,37.000000
B000042,P0001,TrimOpr,22565422737,3111,0.123333,1.240000,0.123580,0.000000,0.000000
B-000042,P8000,Fill/Pack,0,4104,32.000000,0.000000,32.000000,0.000000,0.000000
B-000042,P8000,Fill/Pack1,0,4102,32.000000,0.000000,32.000000,0.000000,0.000000
B000043,P0001,Curing,0,3117,0.493888,2.470000,0.247160,0.000000,37.000000
B000043,P0001,Dispense,0,3116,0.741112,3.710000,0.370740,0.000000,37.000000
B000043,P0001,DispOpr,22565422737,3111,0.370556,3.710000,0.370740,0.000000,0.000000
B000043,P0001,Mix/Heat,0,3115,1.482778,7.410000,0.741480,0.000000,37.000000
B000043,P0001,MixOpr,22565422737,3111,0.741389,7.410000,0.741480,0.000000,0.000000
B000043,P0001,Trim/Cut,0,3118,0.246666,1.240000,0.123580,0.000000,37.000000
B000043,P0001,TrimOpr,22565422737,3111,0.123333,1.240000,0.123580,0.000000,0.000000
B-000043,P8000,Fill/Pack,0,4104,32.000000,0.000000,32.000000,0.000000,0.000000
B-000043,P8000,Fill/Pack1,0,4102,32.000000,0.000000,32.000000,0.000000,0.000000
B000044,P0001,Curing,0,3117,0.080000,0.400000,0.040080,0.000000,6.000000
B000044,P0001,Dispense,0,3116,0.120000,0.600000,0.060120,0.000000,6.000000
B000044,P0001,DispOpr,22565422737,3111,0.060000,0.600000,0.060120,0.000000,0.000000
B000044,P0001,Mix/Heat,0,3115,0.240000,1.200000,0.120240,0.000000,6.000000
B000044,P0001,MixOpr,22565422737,3111,0.120000,1.200000,0.120240,0.000000,0.000000
B000044,P0001,Trim/Cut,0,3118,0.040000,0.200000,0.020040,0.000000,6.000000
B000044,P0001,TrimOpr,22565422737,3111,0.020000,0.200000,0.020040,0.000000,0.000000
B000045,P0001,Curing,0,3117,0.080000,0.400000,0.040080,0.000000,6.000000
B000045,P0001,Dispense,0,3116,0.120000,0.600000,0.060120,0.000000,6.000000
B000045,P0001,DispOpr,22565422737,3111,0.060000,0.600000,0.060120,0.000000,0.000000
B000045,P0001,Mix/Heat,0,3115,0.240000,1.200000,0.120240,0.000000,6.000000
B000045,P0001,MixOpr,22565422737,3111,0.120000,1.200000,0.120240,0.000000,0.000000
B000045,P0001,Trim/Cut,0,3118,0.040000,0.200000,0.020040,0.000000,6.000000
B000045,P0001,TrimOpr,22565422737,3111,0.020000,0.200000,0.020040,0.000000,0.000000
B-000045,P9000,Fill/Pack,0,5103,10.666667,0.000000,10.666667,0.000000,0.000000
B-000045,P9000,Pasteur,0,5102,10.666667,0.000000,10.666667,0.000000,0.000000
B-000045,P9000,Reconst,0,5101,10.666667,0.000000,10.666667,0.000000,0.000000
B000046,P0001,Curing,0,3110,0.026720,0.130000,0.013360,0.000000,2.000000
B000046,P0001,Dispense,0,3110,0.040080,0.200000,0.020040,0.000000,2.000000
B000046,P0001,DispOpr,0,3110,0.020040,0.200000,0.020040,0.000000,0.000000
B000046,P0001,Mix/Heat,0,3110,0.080160,0.400000,0.040080,0.000000,2.000000
B000046,P0001,MixOpr,0,3110,0.040080,0.400000,0.040080,0.000000,0.000000
B000046,P0001,Trim/Cut,0,3110,0.013360,0.070000,0.006680,0.000000,2.000000
B000046,P0001,TrimOpr,0,3110,0.006680,0.070000,0.006680,0.000000,0.000000
B-000046,P9000,Fill/Pack,0,5103,10.666667,0.000000,10.666667,0.000000,0.000000
B-000046,P9000,Pasteur,0,5102,10.666667,0.000000,10.666667,0.000000,0.000000
B-000046,P9000,Reconst,0,5101,10.666667,0.000000,10.666667,0.000000,0.000000
B-000047,P9000,Fill/Pack,0,5103,245.333341,0.000000,1869.226667,0.000000,0.000000
B-000047,P9000,Pasteur,0,5102,245.333341,0.000000,1869.236667,0.000000,0.000000
B-000047,P9000,Reconst,0,5101,245.333341,0.000000,1869.226667,0.000000,0.000000
B-000048,P9000,Fill/Pack,0,5103,42.666668,0.000000,186.666667,0.000000,640.000000
B-000048,P9000,Pasteur,0,5102,42.666668,0.000000,188.670000,0.000000,640.000000
B-000048,P9000,Reconst,0,5101,42.666668,0.000000,196.670000,0.000000,640.000000
B000050,P0001,Curing,0,3110,122.765040,204.610000,20.460840,0.000000,3063.000000
B000050,P0001,Dispense,0,3110,184.147560,306.910000,30.691260,0.000000,3063.000000
B000050,P0001,DispOpr,0,3110,92.073780,306.910000,30.691260,0.000000,0.000000
B000050,P0001,Mix/Heat,0,3110,368.295120,613.830000,61.382520,0.000000,3063.000000
B000050,P0001,MixOpr,0,3110,184.147560,613.830000,61.382520,0.000000,0.000000
B000050,P0001,Trim/Cut,0,3110,61.382520,102.300000,10.230420,0.000000,3063.000000
B000050,P0001,TrimOpr,0,3110,30.691260,102.300000,10.230420,0.000000,0.000000
B000051,P0111,Curing,0,3117,0.060000,0.300000,0.030000,0.000000,3.000000
B000051,P0111,Mix/Heat,0,3115,6.000000,30.000000,3.000000,0.000000,3.000000
B000051,P0111,Trim/Cut,0,3118,6.000000,30.000000,3.000000,0.000000,3.000000
CNMF-000001,D0002,Assembly,22565421016,1121,35.561666,1248.250000,20.004000,0.000000,120.000000
CNMF-000002,D0001,Assembly,22565421016,1122,48.000000,1747.200000,28.000000,0.000000,120.000000
CNMF-000002,D0001,Packing,22565421016,1122,16.000000,476.000000,8.500000,0.000000,120.000000
CNMF-000002,D0001,TestOpr,22565421016,1211,240.000000,10400.000000,130.000000,0.000000,120.000000
CNMF-000002,D0001,Wiring,22565421016,1121,30.000000,998.400000,16.000000,0.000000,120.000000
CNMF-000003,D0001,Assembly,22565421016,1122,37.500000,1680.000000,21.000000,0.000000,153.000000
CNMF-000003,D0001,Packing,22565421016,1122,20.000000,960.000000,12.000000,0.000000,153.000000
CNMF-000003,D0001,Testing,22565421016,1211,11.000000,1996.800000,32.000000,0.000000,153.000000
CNMF-000003,D0001,TestOpr,22565421016,1121,5.500000,1996.800000,32.000000,0.000000,0.000000
CNMF-000003,D0001,Wiring,22565421016,1121,300.000000,9672.000000,155.000000,0.000000,153.000000
CNMF-000004,D0002,Assembly,22565421016,1122,240.000000,11120.000000,139.000000,0.000000,150.000000
CNMF-000004,D0002,Padding,22565421016,1211,120.000000,4492.800000,72.000000,0.000000,150.000000
CNMF-000004,D0002,Polishing,22565421016,1121,27.866666,998.400000,16.000000,0.000000,150.000000
P000001,D0002,Assembly,0,1120,50.000000,195.000000,25.000000,0.000000,200.000000
P000001,D0002,Padding,0,1120,100.000000,390.000000,50.000000,0.000000,200.000000
P000001,D0002,Polishing,0,1110,600.000000,2400.000000,300.000000,0.000000,200.000000
P000002,D0002,Assembly,0,1120,50.000000,195.000000,25.000000,0.000000,200.000000
P000002,D0002,Padding,0,1120,100.000000,390.000000,50.000000,0.000000,200.000000
P000003,D0002,Assembly,0,1120,50.000000,195.000000,25.000000,0.000000,200.000000
P000003,D0002,Padding,0,1120,100.000000,390.000000,50.000000,0.000000,200.000000
P000003,D0002,Polishing,0,1110,600.000000,2400.000000,300.000000,0.000000,200.000000
P000004,D0002,Assembly,0,1120,50.000000,195.000000,25.000000,0.000000,200.000000
P000004,D0002,Padding,0,1120,100.000000,390.000000,50.000000,0.000000,200.000000
P000004,D0002,Polishing,0,1110,600.000000,2400.000000,300.000000,0.000000,200.000000
P000005,D0002,Assembly,0,1120,50.000000,195.000000,25.000000,0.000000,200.000000
P000005,D0002,Padding,0,1120,100.000000,390.000000,50.000000,0.000000,200.000000
P000005,D0002,Polishing,0,1110,600.000000,2400.000000,300.000000,0.000000,200.000000
P000006,D0002,Assembly,0,1120,50.000000,195.000000,25.000000,0.000000,200.000000
P000006,D0002,Padding,0,1120,100.000000,390.000000,50.000000,0.000000,200.000000
P000006,D0002,Polishing,0,1110,600.000000,2400.000000,300.000000,0.000000,200.000000
P000007,D0002,Assembly,0,1120,50.000000,195.000000,25.000000,0.000000,200.000000
P000007,D0002,Padding,0,1120,100.000000,390.000000,50.000000,0.000000,200.000000
P000007,D0002,Polishing,0,1110,600.000000,2400.000000,300.000000,0.000000,200.000000
P000008,D0002,Assembly,0,1120,20.000000,78.000000,10.000000,0.000000,80.000000
P000008,D0002,Padding,0,1120,40.000000,156.000000,20.000000,0.000000,80.000000
P000008,D0002,Polishing,0,1110,240.000000,960.000000,120.000000,0.000000,80.000000
P000009,D0001,Assembly,0,1210,70.000000,273.000000,35.000000,0.000000,175.000000
P000009,D0001,Packing,0,1220,23.333334,81.670000,11.666667,0.000000,175.000000
P000009,D0001,Testing,0,1220,116.666666,583.330000,58.333333,0.000000,175.000000
P000009,D0001,TestOpr,0,1220,58.333333,233.330000,23.333333,0.000000,0.000000
P000009,D0001,Wiring,0,1110,43.750000,170.630000,21.875000,0.000000,175.000000
P000010,D0001,Assembly,0,1120,7.600000,29.640000,3.800000,0.000000,19.000000
P000010,D0001,Packing,0,1220,2.533334,8.870000,1.266667,0.000000,19.000000
P000010,D0001,Testing,0,1310,12.666666,63.330000,6.333333,0.000000,19.000000
P000010,D0001,TestOpr,0,1220,6.333333,25.330000,2.533333,0.000000,0.000000
P000010,D0001,Wiring,0,1120,4.750000,18.530000,2.375000,0.000000,19.000000
P000011,D0001,Assembly,22565422729,1121,8.000000,31.200000,4.000000,0.000000,20.000000
P000011,D0001,Packing,22565422734,1222,2.666666,9.330000,1.333333,0.000000,20.000000
P000011,D0001,Testing,0,1225,13.333334,66.670000,6.666667,0.000000,20.000000
P000011,D0001,TestOpr,0,1220,6.666667,26.670000,2.666667,0.000000,0.000000
P000011,D0001,Wiring,22565422724,1111,5.000000,19.500000,2.500000,0.000000,20.000000
P000012,D0001,Assembly,0,1120,3.600000,14.040000,1.800000,0.000000,9.000000
P000012,D0001,Packing,0,1220,1.200000,4.200000,0.600000,0.000000,9.000000
P000012,D0001,Testing,0,1220,6.000000,30.000000,3.000000,0.000000,9.000000
P000012,D0001,TestOpr,0,1220,3.000000,12.000000,1.200000,0.000000,0.000000
P000012,D0001,Wiring,0,1110,2.250000,8.780000,1.125000,0.000000,9.000000
P000013,D0001,Assembly,0,1120,2.000000,7.800000,1.000000,0.000000,5.000000
P000013,D0001,Packing,0,1220,0.666666,2.330000,0.333333,0.000000,5.000000
P000013,D0001,Testing,0,1310,3.333334,16.670000,1.666667,0.000000,5.000000
P000013,D0001,TestOpr,0,1220,1.666667,6.670000,0.666667,0.000000,0.000000
P000013,D0001,Wiring,0,1110,1.250000,4.880000,0.625000,0.000000,5.000000
P000014,D0001,Assembly,0,1120,1.600000,6.240000,0.800000,0.000000,4.000000
P000014,D0001,Packing,0,1220,0.533334,1.870000,0.266667,0.000000,4.000000
P000014,D0001,Testing,0,1220,2.666666,13.330000,1.333333,0.000000,4.000000
P000014,D0001,TestOpr,0,1220,1.333333,5.330000,0.533333,0.000000,0.000000
P000014,D0001,Wiring,0,1110,1.000000,3.900000,0.500000,0.000000,4.000000
P000015,D0001,Assembly,0,1120,4.800000,18.720000,2.400000,0.000000,12.000000
P000015,D0001,Packing,0,1220,1.600000,5.600000,0.800000,0.000000,12.000000
P000015,D0001,Testing,0,1310,8.000000,40.000000,4.000000,0.000000,12.000000
P000015,D0001,TestOpr,0,1220,4.000000,16.000000,1.600000,0.000000,0.000000
P000015,D0001,Wiring,0,1120,3.000000,11.700000,1.500000,0.000000,12.000000
P000016,D0001,Assembly,0,1120,5.600000,21.840000,2.800000,0.000000,14.000000
P000016,D0001,Packing,0,1220,1.866666,6.530000,0.933333,0.000000,14.000000
P000016,D0001,Testing,0,1310,9.333334,46.670000,4.666667,0.000000,14.000000
P000016,D0001,TestOpr,0,1220,4.666667,18.670000,1.866667,0.000000,0.000000
P000016,D0001,Wiring,0,1110,3.500000,13.650000,1.750000,0.000000,14.000000
P000017,D0001,Assembly,0,1120,5.600000,21.840000,2.800000,0.000000,14.000000
P000017,D0001,Packing,0,1220,1.866666,6.530000,0.933333,0.000000,14.000000
P000017,D0001,Testing,0,1220,9.333334,46.670000,4.666667,0.000000,14.000000
P000017,D0001,TestOpr,0,1220,4.666667,18.670000,1.866667,0.000000,0.000000
P000017,D0001,Wiring,0,1120,3.500000,13.650000,1.750000,0.000000,14.000000
P000018,D0001,Assembly,0,1120,4.400000,17.160000,2.200000,0.000000,11.000000
P000018,D0001,Packing,0,1220,1.466666,5.130000,0.733333,0.000000,11.000000
P000018,D0001,Testing,0,1310,7.333334,36.670000,3.666667,0.000000,11.000000
P000018,D0001,TestOpr,0,1220,3.666667,14.670000,1.466667,0.000000,0.000000
P000018,D0001,Wiring,0,1120,2.750000,10.730000,1.375000,0.000000,11.000000
P000019,D0001,Assembly,0,1120,5.600000,21.840000,2.800000,0.000000,14.000000
P000019,D0001,Packing,0,1220,1.866666,6.530000,0.933333,0.000000,14.000000
P000019,D0001,Testing,0,1220,9.333334,46.670000,4.666667,0.000000,14.000000
P000019,D0001,TestOpr,0,1220,4.666667,18.670000,1.866667,0.000000,0.000000
P000019,D0001,Wiring,0,1120,3.500000,13.650000,1.750000,0.000000,14.000000
P000020,D0001,Assembly,0,1120,6.000000,23.400000,3.000000,0.000000,15.000000
P000020,D0001,Packing,0,1220,2.000000,7.000000,1.000000,0.000000,15.000000
P000020,D0001,Testing,0,1220,10.000000,50.000000,5.000000,0.000000,15.000000
P000020,D0001,TestOpr,0,1220,5.000000,20.000000,2.000000,0.000000,0.000000
P000020,D0001,Wiring,0,1120,3.750000,14.630000,1.875000,0.000000,15.000000
P000021,D0001,Assembly,0,1120,7.200000,28.080000,3.600000,0.000000,18.000000
P000021,D0001,Packing,0,1220,2.400000,8.400000,1.200000,0.000000,18.000000
P000021,D0001,Testing,0,1310,12.000000,60.000000,6.000000,0.000000,18.000000
P000021,D0001,TestOpr,0,1220,6.000000,24.000000,2.400000,0.000000,0.000000
P000021,D0001,Wiring,0,1120,4.500000,17.550000,2.250000,0.000000,18.000000
P000022,D0001,Assembly,0,1120,2.000000,7.800000,1.000000,0.000000,5.000000
P000022,D0001,Packing,0,1220,0.666666,2.330000,0.333333,0.000000,5.000000
P000022,D0001,Testing,0,1220,3.333334,16.670000,1.666667,0.000000,5.000000
P000022,D0001,TestOpr,0,1220,1.666667,6.670000,0.666667,0.000000,0.000000
P000022,D0001,Wiring,0,1120,1.250000,4.880000,0.625000,0.000000,5.000000
P000023,D0001,Assembly,0,1120,2.000000,7.800000,1.000000,0.000000,5.000000
P000023,D0001,Packing,0,1220,0.666666,2.330000,0.333333,0.000000,5.000000
P000023,D0001,Testing,0,1220,3.333334,16.670000,1.666667,0.000000,5.000000
P000023,D0001,TestOpr,0,1220,1.666667,6.670000,0.666667,0.000000,0.000000
P000023,D0001,Wiring,0,1120,1.250000,4.880000,0.625000,0.000000,5.000000
P000024,D0001,Assembly,0,1120,2.000000,7.800000,1.000000,0.000000,5.000000
P000024,D0001,Packing,0,1220,0.666666,2.330000,0.333333,0.000000,5.000000
P000024,D0001,Testing,0,1220,3.333334,16.670000,1.666667,0.000000,5.000000
P000024,D0001,TestOpr,0,1220,1.666667,6.670000,0.666667,0.000000,0.000000
P000024,D0001,Wiring,0,1120,1.250000,4.880000,0.625000,0.000000,5.000000
P000025,D0001,Assembly,0,1120,2.000000,7.800000,1.000000,0.000000,5.000000
P000025,D0001,Packing,0,1220,0.666666,2.330000,0.333333,0.000000,5.000000
P000025,D0001,Testing,0,1310,3.333334,16.670000,1.666667,0.000000,5.000000
P000025,D0001,TestOpr,0,1220,1.666667,6.670000,0.666667,0.000000,0.000000
P000025,D0001,Wiring,0,1120,1.250000,4.880000,0.625000,0.000000,5.000000
P000026,D0001,Assembly,0,1120,2.000000,7.800000,1.000000,0.000000,5.000000
P000026,D0001,Packing,0,1220,0.666666,2.330000,0.333333,0.000000,5.000000
P000026,D0001,Testing,0,1220,3.333334,16.670000,1.666667,0.000000,5.000000
P000026,D0001,TestOpr,0,1220,1.666667,6.670000,0.666667,0.000000,0.000000
P000026,D0001,Wiring,0,1120,1.250000,4.880000,0.625000,0.000000,5.000000
P000027,D0001,Assembly,0,1120,2.000000,7.800000,1.000000,0.000000,5.000000
P000027,D0001,Packing,0,1220,0.666666,2.330000,0.333333,0.000000,5.000000
P000027,D0001,Testing,0,1220,3.333334,16.670000,1.666667,0.000000,5.000000
P000027,D0001,TestOpr,0,1220,1.666667,6.670000,0.666667,0.000000,0.000000
P000027,D0001,Wiring,0,1120,1.250000,4.880000,0.625000,0.000000,5.000000
P000028,D0001,Assembly,0,1120,2.800000,10.920000,1.400000,0.000000,7.000000
P000028,D0001,Packing,0,1220,0.933334,3.270000,0.466667,0.000000,7.000000
P000028,D0001,Testing,0,1220,4.666666,23.330000,2.333333,0.000000,7.000000
P000028,D0001,TestOpr,0,1220,2.333333,9.330000,0.933333,0.000000,0.000000
P000028,D0001,Wiring,0,1120,1.750000,6.830000,0.875000,0.000000,7.000000
P000029,D0001,Assembly,0,1120,2.000000,7.800000,1.000000,0.000000,5.000000
P000029,D0001,Packing,0,1220,0.666666,2.330000,0.333333,0.000000,5.000000
P000029,D0001,Testing,0,1220,3.333334,16.670000,1.666667,0.000000,5.000000
P000029,D0001,TestOpr,0,1220,1.666667,6.670000,0.666667,0.000000,0.000000
P000029,D0001,Wiring,0,1120,1.250000,4.880000,0.625000,0.000000,5.000000
P000030,D0001,Assembly,0,1120,2.000000,7.800000,1.000000,0.000000,5.000000
P000030,D0001,Packing,0,1220,0.666666,2.330000,0.333333,0.000000,5.000000
P000030,D0001,Testing,0,1220,3.333334,16.670000,1.666667,0.000000,5.000000
P000030,D0001,TestOpr,0,1220,1.666667,6.670000,0.666667,0.000000,0.000000
P000030,D0001,Wiring,0,1120,1.250000,4.880000,0.625000,0.000000,5.000000
P000031,D0001,Assembly,0,1120,2.000000,7.800000,1.000000,0.000000,5.000000
P000031,D0001,Packing,0,1220,0.666666,2.330000,0.333333,0.000000,5.000000
P000031,D0001,Testing,0,1220,3.333334,16.670000,1.666667,0.000000,5.000000
P000031,D0001,TestOpr,0,1220,1.666667,6.670000,0.666667,0.000000,0.000000
P000031,D0001,Wiring,0,1120,1.250000,4.880000,0.625000,0.000000,5.000000
P000032,D0001,Assembly,0,1120,1.600000,6.240000,0.800000,0.000000,4.000000
P000032,D0001,Packing,0,1220,0.533334,1.870000,0.266667,0.000000,4.000000
P000032,D0001,Testing,0,1220,2.666666,13.330000,1.333333,0.000000,4.000000
P000032,D0001,TestOpr,0,1220,1.333333,5.330000,0.533333,0.000000,0.000000
P000032,D0001,Wiring,0,1120,1.000000,3.900000,0.500000,0.000000,4.000000
P000033,D0001,Assembly,0,1120,0.800000,3.120000,0.400000,0.000000,2.000000
P000033,D0001,Packing,0,1220,0.266666,0.930000,0.133333,0.000000,2.000000
P000033,D0001,Testing,0,1220,1.333334,6.670000,0.666667,0.000000,2.000000
P000033,D0001,TestOpr,0,1220,0.666667,2.670000,0.266667,0.000000,0.000000
P000033,D0001,Wiring,0,1120,0.500000,1.950000,0.250000,0.000000,2.000000
P000034,D0001,Assembly,0,1120,0.800000,3.120000,0.400000,0.000000,2.000000
P000034,D0001,Packing,0,1220,0.266666,0.930000,0.133333,0.000000,2.000000
P000034,D0001,Testing,0,1220,1.333334,6.670000,0.666667,0.000000,2.000000
P000034,D0001,TestOpr,0,1220,0.666667,2.670000,0.266667,0.000000,0.000000
P000034,D0001,Wiring,0,1120,0.500000,1.950000,0.250000,0.000000,2.000000
P000035,D0003,Assembly,0,1210,10.500000,40.950000,5.250000,0.000000,21.000000
P000035,D0003,Packing,0,1220,2.800000,9.800000,1.400000,0.000000,21.000000
P000035,D0003,Testing,0,1220,8.400000,42.000000,4.200000,0.000000,21.000000
P000035,D0003,TestOpr,0,1220,4.200000,16.800000,1.680000,0.000000,0.000000
P000036,D0003,Assembly,0,1210,8.000000,31.200000,4.000000,0.000000,16.000000
P000036,D0003,Packing,0,1220,2.133334,7.470000,1.066667,0.000000,16.000000
P000036,D0003,Testing,0,1220,6.400000,32.000000,3.200000,0.000000,16.000000
P000036,D0003,TestOpr,0,1220,3.200000,12.800000,1.280000,0.000000,0.000000
P000037,D0003,Assembly,0,1210,3.500000,13.650000,1.750000,0.000000,7.000000
P000037,D0003,Packing,0,1220,0.933334,3.270000,0.466667,0.000000,7.000000
P000037,D0003,Testing,0,1220,2.800000,14.000000,1.400000,0.000000,7.000000
P000037,D0003,TestOpr,0,1220,1.400000,5.600000,0.560000,0.000000,0.000000
P000038,D0003,Assembly,0,1210,2.500000,9.750000,1.250000,0.000000,5.000000
P000038,D0003,Packing,0,1220,0.666666,2.330000,0.333333,0.000000,5.000000
P000038,D0003,Testing,0,1220,2.000000,10.000000,1.000000,0.000000,5.000000
P000038,D0003,TestOpr,0,1220,1.000000,4.000000,0.400000,0.000000,0.000000
P000039,D0003,Assembly,0,1210,2.500000,9.750000,1.250000,0.000000,5.000000
P000039,D0003,Packing,0,1220,0.666666,2.330000,0.333333,0.000000,5.000000
P000039,D0003,Testing,0,1220,2.000000,10.000000,1.000000,0.000000,5.000000
P000039,D0003,TestOpr,0,1220,1.000000,4.000000,0.400000,0.000000,0.000000
P000040,D0003,Assembly,0,1210,11.500000,44.850000,5.750000,0.000000,23.000000
P000040,D0003,Packing,0,1220,3.066666,10.730000,1.533333,0.000000,23.000000
P000040,D0003,Testing,0,1220,9.200000,46.000000,4.600000,0.000000,23.000000
P000040,D0003,TestOpr,0,1220,4.600000,18.400000,1.840000,0.000000,0.000000
P000041,D0003,Assembly,0,1210,8.000000,31.200000,4.000000,0.000000,16.000000
P000041,D0003,Packing,0,1220,2.133334,7.470000,1.066667,0.000000,16.000000
P000041,D0003,Testing,0,1220,6.400000,32.000000,3.200000,0.000000,16.000000
P000041,D0003,TestOpr,0,1220,3.200000,12.800000,1.280000,0.000000,0.000000
P000042,D0003,Assembly,0,1210,11.500000,44.850000,5.750000,0.000000,23.000000
P000042,D0003,Packing,0,1220,3.066666,10.730000,1.533333,0.000000,23.000000
P000042,D0003,Testing,0,1220,9.200000,46.000000,4.600000,0.000000,23.000000
P000042,D0003,TestOpr,0,1220,4.600000,18.400000,1.840000,0.000000,0.000000
P000043,D0003,Assembly,0,1210,9.000000,35.100000,4.500000,0.000000,18.000000
P000043,D0003,Packing,0,1220,2.400000,8.400000,1.200000,0.000000,18.000000
P000043,D0003,Testing,0,1220,7.200000,36.000000,3.600000,0.000000,18.000000
P000043,D0003,TestOpr,0,1220,3.600000,14.400000,1.440000,0.000000,0.000000
P000044,D0003,Assembly,0,1210,6.000000,23.400000,3.000000,0.000000,12.000000
P000044,D0003,Packing,0,1220,1.600000,5.600000,0.800000,0.000000,12.000000
P000044,D0003,Testing,0,1220,4.800000,24.000000,2.400000,0.000000,12.000000
P000044,D0003,TestOpr,0,1220,2.400000,9.600000,0.960000,0.000000,0.000000
P000045,D0003,Assembly,0,1210,8.000000,31.200000,4.000000,0.000000,16.000000
P000045,D0003,Packing,0,1220,2.133334,7.470000,1.066667,0.000000,16.000000
P000045,D0003,Testing,0,1220,6.400000,32.000000,3.200000,0.000000,16.000000
P000045,D0003,TestOpr,0,1220,3.200000,12.800000,1.280000,0.000000,0.000000
P000046,D0003,Assembly,0,1210,2.500000,9.750000,1.250000,0.000000,5.000000
P000046,D0003,Packing,0,1220,0.666666,2.330000,0.333333,0.000000,5.000000
P000046,D0003,Testing,0,1220,2.000000,10.000000,1.000000,0.000000,5.000000
P000046,D0003,TestOpr,0,1220,1.000000,4.000000,0.400000,0.000000,0.000000
P000047,D0003,Assembly,0,1210,2.500000,9.750000,1.250000,0.000000,5.000000
P000047,D0003,Packing,0,1220,0.666666,2.330000,0.333333,0.000000,5.000000
P000047,D0003,Testing,0,1220,2.000000,10.000000,1.000000,0.000000,5.000000
P000047,D0003,TestOpr,0,1220,1.000000,4.000000,0.400000,0.000000,0.000000
P000048,D0003,Assembly,0,1210,2.500000,9.750000,1.250000,0.000000,5.000000
P000048,D0003,Packing,0,1220,0.666666,2.330000,0.333333,0.000000,5.000000
P000048,D0003,Testing,0,1220,2.000000,10.000000,1.000000,0.000000,5.000000
P000048,D0003,TestOpr,0,1220,1.000000,4.000000,0.400000,0.000000,0.000000
P000049,D0003,Assembly,0,1210,2.500000,9.750000,1.250000,0.000000,5.000000
P000049,D0003,Packing,0,1220,0.666666,2.330000,0.333333,0.000000,5.000000
P000049,D0003,Testing,0,1220,2.000000,10.000000,1.000000,0.000000,5.000000
P000049,D0003,TestOpr,0,1220,1.000000,4.000000,0.400000,0.000000,0.000000
P000050,D0003,Assembly,0,1210,2.500000,9.750000,1.250000,0.000000,5.000000
P000050,D0003,Packing,0,1220,0.666666,2.330000,0.333333,0.000000,5.000000
P000050,D0003,Testing,0,1220,2.000000,10.000000,1.000000,0.000000,5.000000
P000050,D0003,TestOpr,0,1220,1.000000,4.000000,0.400000,0.000000,0.000000
P000051,D0003,Assembly,0,1210,2.500000,9.750000,1.250000,0.000000,5.000000
P000051,D0003,Packing,0,1220,0.666666,2.330000,0.333333,0.000000,5.000000
P000051,D0003,Testing,0,1220,2.000000,10.000000,1.000000,0.000000,5.000000
P000051,D0003,TestOpr,0,1220,1.000000,4.000000,0.400000,0.000000,0.000000
P000052,D0003,Assembly,0,1210,2.500000,9.750000,1.250000,0.000000,5.000000
P000052,D0003,Packing,0,1220,0.666666,2.330000,0.333333,0.000000,5.000000
P000052,D0003,Testing,0,1220,2.000000,10.000000,1.000000,0.000000,5.000000
P000052,D0003,TestOpr,0,1220,1.000000,4.000000,0.400000,0.000000,0.000000
P000053,D0003,Assembly,0,1210,2.500000,9.750000,1.250000,0.000000,5.000000
P000053,D0003,Packing,0,1220,0.666666,2.330000,0.333333,0.000000,5.000000
P000053,D0003,Testing,0,1220,2.000000,10.000000,1.000000,0.000000,5.000000
P000053,D0003,TestOpr,0,1220,1.000000,4.000000,0.400000,0.000000,0.000000
P000054,D0003,Assembly,0,1210,3.000000,11.700000,1.500000,0.000000,6.000000
P000054,D0003,Packing,0,1220,0.800000,2.800000,0.400000,0.000000,6.000000
P000054,D0003,Testing,0,1220,2.400000,12.000000,1.200000,0.000000,6.000000
P000054,D0003,TestOpr,0,1220,1.200000,4.800000,0.480000,0.000000,0.000000
P000055,D0003,Assembly,0,1210,3.000000,11.700000,1.500000,0.000000,6.000000
P000055,D0003,Packing,0,1220,0.800000,2.800000,0.400000,0.000000,6.000000
P000055,D0003,Testing,0,1220,2.400000,12.000000,1.200000,0.000000,6.000000
P000055,D0003,TestOpr,0,1220,1.200000,4.800000,0.480000,0.000000,0.000000
P000056,D0003,Assembly,0,1210,3.000000,11.700000,1.500000,0.000000,6.000000
P000056,D0003,Packing,0,1220,0.800000,2.800000,0.400000,0.000000,6.000000
P000056,D0003,Testing,0,1220,2.400000,12.000000,1.200000,0.000000,6.000000
P000056,D0003,TestOpr,0,1220,1.200000,4.800000,0.480000,0.000000,0.000000
P000057,D0003,Assembly,0,1210,1.000000,3.900000,0.500000,0.000000,2.000000
P000057,D0003,Packing,0,1220,0.266666,0.930000,0.133333,0.000000,2.000000
P000057,D0003,Testing,0,1220,0.800000,4.000000,0.400000,0.000000,2.000000
P000057,D0003,TestOpr,0,1220,0.400000,1.600000,0.160000,0.000000,0.000000
P000058,D0003,Assembly,0,1210,1.000000,3.900000,0.500000,0.000000,2.000000
P000058,D0003,Packing,0,1220,0.266666,0.930000,0.133333,0.000000,2.000000
P000058,D0003,Testing,0,1220,0.800000,4.000000,0.400000,0.000000,2.000000
P000058,D0003,TestOpr,0,1220,0.400000,1.600000,0.160000,0.000000,0.000000
P000059,D0003,Assembly,0,1210,81.500000,317.850000,40.750000,0.000000,163.000000
P000059,D0003,Packing,0,1220,21.733334,76.070000,10.866667,0.000000,163.000000
P000059,D0003,Testing,0,1220,65.200000,326.000000,32.600000,0.000000,163.000000
P000059,D0003,TestOpr,0,1220,32.600000,130.400000,13.040000,0.000000,0.000000
P000060,D0004,Assembly,0,1310,8.000000,31.200000,4.000000,0.000000,4.000000
P000060,D0004,Finishing,0,1310,8.000000,32.000000,4.000000,0.000000,4.000000
P000060,D0004,Packing,0,1310,8.000000,28.000000,4.000000,0.000000,4.000000
P000060,D0004,Testing,0,1310,8.000000,40.000000,4.000000,0.000000,4.000000
P000061,D0004,Assembly,0,1310,8.000000,31.200000,4.000000,0.000000,4.000000
P000061,D0004,Finishing,0,1310,8.000000,32.000000,4.000000,0.000000,4.000000
P000061,D0004,Packing,0,1310,8.000000,28.000000,4.000000,0.000000,4.000000
P000061,D0004,Testing,0,1310,8.000000,40.000000,4.000000,0.000000,4.000000
P000062,D0004,Assembly,0,1310,46.000000,179.400000,23.000000,0.000000,23.000000
P000062,D0004,Finishing,0,1310,46.000000,184.000000,23.000000,0.000000,23.000000
P000062,D0004,Packing,0,1310,46.000000,161.000000,23.000000,0.000000,23.000000
P000062,D0004,Testing,0,1310,46.000000,230.000000,23.000000,0.000000,23.000000
P000063,D0004,Assembly,0,1310,36.000000,140.400000,18.000000,0.000000,18.000000
P000063,D0004,Finishing,0,1310,36.000000,144.000000,18.000000,0.000000,18.000000
P000063,D0004,Packing,0,1310,36.000000,126.000000,18.000000,0.000000,18.000000
P000063,D0004,Testing,0,1310,36.000000,180.000000,18.000000,0.000000,18.000000
P000064,D0004,Assembly,0,1310,24.000000,93.600000,12.000000,0.000000,12.000000
P000064,D0004,Finishing,0,1310,24.000000,96.000000,12.000000,0.000000,12.000000
P000064,D0004,Packing,0,1310,24.000000,84.000000,12.000000,0.000000,12.000000
P000064,D0004,Testing,0,1310,24.000000,120.000000,12.000000,0.000000,12.000000
P000065,D0004,Assembly,0,1310,24.000000,93.600000,12.000000,0.000000,12.000000
P000065,D0004,Finishing,0,1310,24.000000,96.000000,12.000000,0.000000,12.000000
P000065,D0004,Packing,0,1310,24.000000,84.000000,12.000000,0.000000,12.000000
P000065,D0004,Testing,0,1310,24.000000,120.000000,12.000000,0.000000,12.000000
P000066,D0004,Assembly,0,1310,24.000000,93.600000,12.000000,0.000000,12.000000
P000066,D0004,Finishing,0,1310,24.000000,96.000000,12.000000,0.000000,12.000000
P000066,D0004,Packing,0,1310,24.000000,84.000000,12.000000,0.000000,12.000000
P000066,D0004,Testing,0,1310,24.000000,120.000000,12.000000,0.000000,12.000000
P000067,D0004,Assembly,0,1310,36.000000,140.400000,18.000000,0.000000,18.000000
P000067,D0004,Finishing,0,1310,36.000000,144.000000,18.000000,0.000000,18.000000
P000067,D0004,Packing,0,1310,36.000000,126.000000,18.000000,0.000000,18.000000
P000067,D0004,Testing,0,1310,36.000000,180.000000,18.000000,0.000000,18.000000
P000068,D0004,Assembly,0,1310,12.000000,46.800000,6.000000,0.000000,6.000000
P000068,D0004,Finishing,0,1310,12.000000,48.000000,6.000000,0.000000,6.000000
P000068,D0004,Packing,0,1310,12.000000,42.000000,6.000000,0.000000,6.000000
P000068,D0004,Testing,0,1310,12.000000,60.000000,6.000000,0.000000,6.000000
P000069,D0004,Assembly,0,1310,8.000000,31.200000,4.000000,0.000000,4.000000
P000069,D0004,Finishing,0,1310,8.000000,32.000000,4.000000,0.000000,4.000000
P000069,D0004,Packing,0,1310,8.000000,28.000000,4.000000,0.000000,4.000000
P000069,D0004,Testing,0,1310,8.000000,40.000000,4.000000,0.000000,4.000000
P000070,D0004,Assembly,0,1310,8.000000,31.200000,4.000000,0.000000,4.000000
P000070,D0004,Finishing,0,1310,8.000000,32.000000,4.000000,0.000000,4.000000
P000070,D0004,Packing,0,1310,8.000000,28.000000,4.000000,0.000000,4.000000
P000070,D0004,Testing,0,1310,8.000000,40.000000,4.000000,0.000000,4.000000
P000071,D0004,Assembly,0,1310,8.000000,31.200000,4.000000,0.000000,4.000000
P000071,D0004,Finishing,0,1310,8.000000,32.000000,4.000000,0.000000,4.000000
P000071,D0004,Packing,0,1310,8.000000,28.000000,4.000000,0.000000,4.000000
P000071,D0004,Testing,0,1310,8.000000,40.000000,4.000000,0.000000,4.000000
P000072,D0004,Assembly,0,1310,14.000000,54.600000,7.000000,0.000000,7.000000
P000072,D0004,Finishing,0,1310,14.000000,56.000000,7.000000,0.000000,7.000000
P000072,D0004,Packing,0,1310,14.000000,49.000000,7.000000,0.000000,7.000000
P000072,D0004,Testing,0,1310,14.000000,70.000000,7.000000,0.000000,7.000000
P000073,D0004,Assembly,0,1310,12.000000,46.800000,6.000000,0.000000,6.000000
P000073,D0004,Finishing,0,1310,12.000000,48.000000,6.000000,0.000000,6.000000
P000073,D0004,Packing,0,1310,12.000000,42.000000,6.000000,0.000000,6.000000
P000073,D0004,Testing,0,1310,12.000000,60.000000,6.000000,0.000000,6.000000
P000074,D0004,Assembly,0,1310,12.000000,46.800000,6.000000,0.000000,6.000000
P000074,D0004,Finishing,0,1310,12.000000,48.000000,6.000000,0.000000,6.000000
P000074,D0004,Packing,0,1310,12.000000,42.000000,6.000000,0.000000,6.000000
P000074,D0004,Testing,0,1310,12.000000,60.000000,6.000000,0.000000,6.000000
P000075,D0004,Assembly,0,1310,8.000000,31.200000,4.000000,0.000000,4.000000
P000075,D0004,Finishing,0,1310,8.000000,32.000000,4.000000,0.000000,4.000000
P000075,D0004,Packing,0,1310,8.000000,28.000000,4.000000,0.000000,4.000000
P000075,D0004,Testing,0,1310,8.000000,40.000000,4.000000,0.000000,4.000000
P000076,D0004,Assembly,0,1310,8.000000,31.200000,4.000000,0.000000,4.000000
P000076,D0004,Finishing,0,1310,8.000000,32.000000,4.000000,0.000000,4.000000
P000076,D0004,Packing,0,1310,8.000000,28.000000,4.000000,0.000000,4.000000
P000076,D0004,Testing,0,1310,8.000000,40.000000,4.000000,0.000000,4.000000
P000077,D0004,Assembly,0,1310,8.000000,31.200000,4.000000,0.000000,4.000000
P000077,D0004,Finishing,0,1310,8.000000,32.000000,4.000000,0.000000,4.000000
P000077,D0004,Packing,0,1310,8.000000,28.000000,4.000000,0.000000,4.000000
P000077,D0004,Testing,0,1310,8.000000,40.000000,4.000000,0.000000,4.000000
P000078,D0004,Assembly,0,1310,4.000000,15.600000,2.000000,0.000000,2.000000
P000078,D0004,Finishing,0,1310,4.000000,16.000000,2.000000,0.000000,2.000000
P000078,D0004,Packing,0,1310,4.000000,14.000000,2.000000,0.000000,2.000000
P000078,D0004,Testing,0,1310,4.000000,20.000000,2.000000,0.000000,2.000000
P000079,D0005,Packing,22565422738,4111,0.000000,0.000000,0.000000,0.000000,303.000000
P000080,D0005,Packing,22565422738,4111,0.000000,0.000000,0.000000,0.000000,114.000000
P000081,D0005,Packing,22565422738,4111,0.000000,0.000000,0.000000,0.000000,49.000000
P000082,D0001,Assembly,22565422729,1122,4.000000,15.600000,2.000000,0.000000,10.000000
P000082,D0001,Packing,22565422736,1312,1.333334,4.670000,0.666667,0.000000,10.000000
P000082,D0001,Testing,0,1225,6.666112,33.330000,3.333333,0.000000,10.000000
P000082,D0001,TestOpr,22565422733,1221,3.333056,13.330000,1.333333,0.000000,0.000000
P000082,D0001,Wiring,22565422725,1112,2.500000,9.750000,1.250000,0.000000,10.000000
P000083,D0001,Assembly,22565422731,1211,2.000000,7.800000,1.000000,0.000000,5.000000
P000083,D0001,Packing,22565422736,1312,0.666112,2.330000,0.333333,0.000000,5.000000
P000083,D0001,Testing,0,1225,3.333334,16.670000,1.666667,0.000000,5.000000
P000083,D0001,TestOpr,22565422733,1221,1.666667,6.670000,0.666667,0.000000,0.000000
P000083,D0001,Wiring,22565422725,1112,1.250000,4.880000,0.625000,0.000000,5.000000
P000084,D0001,Assembly,22565422729,1121,1.600000,6.240000,0.800000,0.000000,4.000000
P000084,D0001,Packing,22565422736,1312,0.533334,1.870000,0.266667,0.000000,4.000000
P000084,D0001,Testing,0,1225,2.666112,13.330000,1.333333,0.000000,4.000000
P000084,D0001,TestOpr,22565422733,1221,1.333056,5.330000,0.533333,0.000000,0.000000
P000084,D0001,Wiring,22565422724,1111,1.000000,3.900000,0.500000,0.000000,4.000000
P000085,D0001,Assembly,22565422729,1121,6.000000,23.400000,3.000000,0.000000,15.000000
P000085,D0001,Packing,22565422734,1222,2.000000,7.000000,1.000000,0.000000,15.000000
P000085,D0001,Testing,0,1226,10.000000,50.000000,5.000000,0.000000,15.000000
P000085,D0001,TestOpr,22565422733,1221,5.000000,20.000000,2.000000,0.000000,0.000000
P000085,D0001,Wiring,22565422724,1111,3.750000,14.630000,1.875000,0.000000,15.000000
P000086,D0001,Assembly,22565422729,1122,6.000000,23.400000,3.000000,0.000000,15.000000
P000086,D0001,Packing,22565422734,1222,2.000000,7.000000,1.000000,0.000000,15.000000
P000086,D0001,Testing,0,1225,10.000000,50.000000,5.000000,0.000000,15.000000
P000086,D0001,TestOpr,22565422733,1221,5.000000,20.000000,2.000000,0.000000,0.000000
P000086,D0001,Wiring,22565422724,1111,3.750000,14.630000,1.875000,0.000000,15.000000
P000087,D0001,Assembly,22565422729,1121,4.400000,17.160000,2.200000,0.000000,11.000000
P000087,D0001,Packing,22565422734,1222,1.466112,5.130000,0.733333,0.000000,11.000000
P000087,D0001,Testing,0,1226,7.333334,36.670000,3.666667,0.000000,11.000000
P000087,D0001,TestOpr,22565422733,1221,3.666667,14.670000,1.466667,0.000000,0.000000
P000087,D0001,Wiring,22565422724,1111,2.750000,10.730000,1.375000,0.000000,11.000000
P000088,D0001,Assembly,22565422731,1211,6.000000,23.400000,3.000000,0.000000,15.000000
P000088,D0001,Packing,22565422736,1312,2.000000,7.000000,1.000000,0.000000,15.000000
P000088,D0001,Testing,0,1315,10.000000,50.000000,5.000000,0.000000,15.000000
P000088,D0001,TestOpr,22565422736,1312,5.000000,20.000000,2.000000,0.000000,0.000000
P000088,D0001,Wiring,22565422726,1113,3.750000,14.630000,1.875000,0.000000,15.000000
P000089,D0001,Assembly,22565422729,1122,6.400000,24.960000,3.200000,0.000000,16.000000
P000089,D0001,Packing,22565422736,1312,2.133334,7.470000,1.066667,0.000000,16.000000
P000089,D0001,Testing,0,1225,10.666112,53.330000,5.333333,0.000000,16.000000
P000089,D0001,TestOpr,22565422733,1221,5.333056,21.330000,2.133333,0.000000,0.000000
P000089,D0001,Wiring,22565422725,1112,4.000000,15.600000,2.000000,0.000000,16.000000
P000090,D0001,Assembly,22565422729,1121,7.200000,28.080000,3.600000,0.000000,18.000000
P000090,D0001,Packing,22565422734,1222,2.400000,8.400000,1.200000,0.000000,18.000000
P000090,D0001,Testing,0,1226,12.000000,60.000000,6.000000,0.000000,18.000000
P000090,D0001,TestOpr,22565422733,1221,6.000000,24.000000,2.400000,0.000000,0.000000
P000090,D0001,Wiring,22565422724,1111,4.500000,17.550000,2.250000,0.000000,18.000000
P000091,D0001,Assembly,22565422729,1121,2.000000,7.800000,1.000000,0.000000,5.000000
P000091,D0001,Packing,22565422736,1312,0.666112,2.330000,0.333333,0.000000,5.000000
P000091,D0001,Testing,0,1315,3.333334,16.670000,1.666667,0.000000,5.000000
P000091,D0001,TestOpr,22565422736,1312,1.666667,6.670000,0.666667,0.000000,0.000000
P000091,D0001,Wiring,22565422724,1111,1.250000,4.880000,0.625000,0.000000,5.000000
P000092,D0001,Assembly,22565422729,1121,2.000000,7.800000,1.000000,0.000000,5.000000
P000092,D0001,Packing,22565422736,1312,0.666112,2.330000,0.333333,0.000000,5.000000
P000092,D0001,Testing,0,1315,3.333334,16.670000,1.666667,0.000000,5.000000
P000092,D0001,TestOpr,22565422736,1312,1.666667,6.670000,0.666667,0.000000,0.000000
P000092,D0001,Wiring,22565422724,1111,1.250000,4.880000,0.625000,0.000000,5.000000
P000093,D0001,Assembly,22565422729,1122,2.000000,7.800000,1.000000,0.000000,5.000000
P000093,D0001,Packing,22565422734,1222,0.666112,2.330000,0.333333,0.000000,5.000000
P000093,D0001,Testing,0,1225,3.333334,16.670000,1.666667,0.000000,5.000000
P000093,D0001,TestOpr,22565422733,1221,1.666667,6.670000,0.666667,0.000000,0.000000
P000093,D0001,Wiring,22565422725,1112,1.250000,4.880000,0.625000,0.000000,5.000000
P000094,D0001,Assembly,22565422729,1121,2.000000,7.800000,1.000000,0.000000,5.000000
P000094,D0001,Packing,22565422734,1222,0.666112,2.330000,0.333333,0.000000,5.000000
P000094,D0001,Testing,0,1226,3.333334,16.670000,1.666667,0.000000,5.000000
P000094,D0001,TestOpr,22565422733,1221,1.666667,6.670000,0.666667,0.000000,0.000000
P000094,D0001,Wiring,22565422724,1111,1.250000,4.880000,0.625000,0.000000,5.000000
P000095,D0001,Assembly,22565422729,1121,2.000000,7.800000,1.000000,0.000000,5.000000
P000095,D0001,Packing,22565422734,1222,0.666112,2.330000,0.333333,0.000000,5.000000
P000095,D0001,Testing,0,1226,3.333334,16.670000,1.666667,0.000000,5.000000
P000095,D0001,TestOpr,22565422733,1221,1.666667,6.670000,0.666667,0.000000,0.000000
P000095,D0001,Wiring,22565422724,1111,1.250000,4.880000,0.625000,0.000000,5.000000
P000096,D0001,Assembly,22565422729,1122,2.000000,7.800000,1.000000,0.000000,5.000000
P000096,D0001,Packing,22565422734,1222,0.666112,2.330000,0.333333,0.000000,5.000000
P000096,D0001,Testing,0,1226,3.333334,16.670000,1.666667,0.000000,5.000000
P000096,D0001,TestOpr,22565422733,1221,1.666667,6.670000,0.666667,0.000000,0.000000
P000096,D0001,Wiring,22565422724,1111,1.250000,4.880000,0.625000,0.000000,5.000000
P000097,D0001,Assembly,22565422729,1121,2.800000,10.920000,1.400000,0.000000,7.000000
P000097,D0001,Packing,22565422734,1222,0.933334,3.270000,0.466667,0.000000,7.000000
P000097,D0001,Testing,0,1225,4.666112,23.330000,2.333333,0.000000,7.000000
P000097,D0001,TestOpr,22565422733,1221,2.333056,9.330000,0.933333,0.000000,0.000000
P000097,D0001,Wiring,22565422724,1111,1.750000,6.830000,0.875000,0.000000,7.000000
P000098,D0001,Assembly,22565422729,1122,2.000000,7.800000,1.000000,0.000000,5.000000
P000098,D0001,Packing,22565422734,1222,0.666112,2.330000,0.333333,0.000000,5.000000
P000098,D0001,Testing,0,1226,3.333334,16.670000,1.666667,0.000000,5.000000
P000098,D0001,TestOpr,22565422733,1221,1.666667,6.670000,0.666667,0.000000,0.000000
P000098,D0001,Wiring,22565422725,1112,1.250000,4.880000,0.625000,0.000000,5.000000
P000099,D0001,Assembly,22565422729,1121,2.000000,7.800000,1.000000,0.000000,5.000000
P000099,D0001,Packing,22565422734,1222,0.666112,2.330000,0.333333,0.000000,5.000000
P000099,D0001,Testing,0,1225,3.333334,16.670000,1.666667,0.000000,5.000000
P000099,D0001,TestOpr,22565422733,1221,1.666667,6.670000,0.666667,0.000000,0.000000
P000099,D0001,Wiring,22565422724,1111,1.250000,4.880000,0.625000,0.000000,5.000000
P000100,D0001,Assembly,22565422729,1122,2.000000,7.800000,1.000000,0.000000,5.000000
P000100,D0001,Packing,22565422734,1222,0.666112,2.330000,0.333333,0.000000,5.000000
P000100,D0001,Testing,0,1226,3.333334,16.670000,1.666667,0.000000,5.000000
P000100,D0001,TestOpr,22565422733,1221,1.666667,6.670000,0.666667,0.000000,0.000000
P000100,D0001,Wiring,22565422724,1111,1.250000,4.880000,0.625000,0.000000,5.000000
P000101,D0001,Assembly,22565422729,1121,1.600000,6.240000,0.800000,0.000000,4.000000
P000101,D0001,Packing,22565422734,1222,0.533334,1.870000,0.266667,0.000000,4.000000
P000101,D0001,Testing,0,1225,2.666112,13.330000,1.333333,0.000000,4.000000
P000101,D0001,TestOpr,22565422733,1221,1.333056,5.330000,0.533333,0.000000,0.000000
P000101,D0001,Wiring,22565422724,1111,1.000000,3.900000,0.500000,0.000000,4.000000
P000102,D0001,Assembly,22565422729,1121,0.800000,3.120000,0.400000,0.000000,2.000000
P000102,D0001,Packing,22565422734,1222,0.266112,0.930000,0.133333,0.000000,2.000000
P000102,D0001,Testing,0,1226,1.333334,6.670000,0.666667,0.000000,2.000000
P000102,D0001,TestOpr,22565422733,1221,0.666667,2.670000,0.266667,0.000000,0.000000
P000102,D0001,Wiring,22565422724,1111,0.500000,1.950000,0.250000,0.000000,2.000000
P000103,D0001,Assembly,22565422729,1121,0.800000,3.120000,0.400000,0.000000,2.000000
P000103,D0001,Packing,22565422734,1222,0.266112,0.930000,0.133333,0.000000,2.000000
P000103,D0001,Testing,0,1226,1.333334,6.670000,0.666667,0.000000,2.000000
P000103,D0001,TestOpr,22565422733,1221,0.666667,2.670000,0.266667,0.000000,0.000000
P000103,D0001,Wiring,22565422724,1111,0.500000,1.950000,0.250000,0.000000,2.000000
P000104,D0001,Assembly,22565422729,1121,8.400000,32.760000,4.200000,0.000000,21.000000
P000104,D0001,Packing,22565422734,1222,2.800000,9.800000,1.400000,0.000000,21.000000
P000104,D0001,Testing,0,1225,14.000000,70.000000,7.000000,0.000000,21.000000
P000104,D0001,TestOpr,22565422733,1221,7.000000,28.000000,2.800000,0.000000,0.000000
P000104,D0001,Wiring,22565422724,1111,5.250000,20.480000,2.625000,0.000000,21.000000
P000105,D0001,Assembly,22565422729,1121,4.800000,18.720000,2.400000,0.000000,12.000000
P000105,D0001,Packing,22565422734,1222,1.600000,5.600000,0.800000,0.000000,12.000000
P000105,D0001,Testing,0,1226,8.000000,40.000000,4.000000,0.000000,12.000000
P000105,D0001,TestOpr,22565422733,1221,4.000000,16.000000,1.600000,0.000000,0.000000
P000105,D0001,Wiring,22565422724,1111,3.000000,11.700000,1.500000,0.000000,12.000000
P000107,D0001,Assembly,22565422729,1121,73.600000,287.040000,36.800000,0.000000,184.000000
P000107,D0001,Packing,22565422734,1222,24.533334,85.870000,12.266667,0.000000,184.000000
P000107,D0001,Testing,0,1315,122.666112,613.330000,61.333333,0.000000,184.000000
P000107,D0001,TestOpr,22565422736,1312,61.333056,245.330000,24.533333,0.000000,0.000000
P000107,D0001,Wiring,22565422724,1111,46.000000,179.400000,23.000000,0.000000,184.000000
P000108,D0003,Assembly,22565422732,1212,3.500000,13.650000,1.750000,0.000000,7.000000
P000108,D0003,Packing,22565422734,1222,0.933334,4.480000,0.640000,1.000000,6.000000
P000108,D0003,Testing,0,1225,2.800000,14.000000,1.400000,0.000000,7.000000
P000108,D0003,TestOpr,22565422733,1221,1.400000,5.600000,0.560000,0.000000,0.000000
P000109,D0003,Assembly,22565422732,1212,2.500000,9.750000,1.250000,0.000000,5.000000
P000109,D0003,Packing,22565422734,1222,0.666112,2.330000,0.333333,0.000000,5.000000
P000109,D0003,Testing,0,1225,2.000000,10.000000,1.000000,0.000000,5.000000
P000109,D0003,TestOpr,22565422733,1221,1.000000,4.000000,0.400000,0.000000,0.000000
P000110,D0003,Assembly,22565422731,1211,2.500000,9.750000,1.250000,0.000000,5.000000
P000110,D0003,Packing,22565422734,1222,0.666112,2.330000,0.333333,0.000000,5.000000
P000110,D0003,Testing,0,1225,2.000000,10.000000,1.000000,0.000000,5.000000
P000110,D0003,TestOpr,22565422733,1221,1.000000,4.000000,0.400000,0.000000,0.000000
P000111,D0003,Assembly,22565422731,1211,8.500000,33.150000,4.250000,0.000000,17.000000
P000111,D0003,Packing,22565422734,1222,2.266112,7.930000,1.133333,0.000000,17.000000
P000111,D0003,Testing,0,1226,6.800000,34.000000,3.400000,0.000000,17.000000
P000111,D0003,TestOpr,22565422733,1221,3.400000,13.600000,1.360000,0.000000,0.000000
P000112,D0003,Assembly,22565422732,1212,12.500000,48.750000,6.250000,0.000000,25.000000
P000112,D0003,Packing,22565422734,1222,3.333334,11.670000,1.666667,0.000000,25.000000
P000112,D0003,Testing,0,1225,10.000000,50.000000,5.000000,0.000000,25.000000
P000112,D0003,TestOpr,22565422733,1221,5.000000,20.000000,2.000000,0.000000,0.000000
P000113,D0003,Assembly,22565422731,1211,9.000000,35.100000,4.500000,0.000000,18.000000
P000113,D0003,Packing,22565422734,1222,2.400000,8.400000,1.200000,0.000000,18.000000
P000113,D0003,Testing,0,1226,7.200000,36.000000,3.600000,0.000000,18.000000
P000113,D0003,TestOpr,22565422733,1221,3.600000,14.400000,1.440000,0.000000,0.000000
P000114,D0003,Assembly,22565422732,1212,6.000000,23.400000,3.000000,0.000000,12.000000
P000114,D0003,Packing,22565422734,1222,1.600000,5.600000,0.800000,0.000000,12.000000
P000114,D0003,Testing,0,1226,4.800000,24.000000,2.400000,0.000000,12.000000
P000114,D0003,TestOpr,22565422733,1221,2.400000,9.600000,0.960000,0.000000,0.000000
P000115,D0003,Assembly,22565422732,1212,8.500000,33.150000,4.250000,0.000000,17.000000
P000115,D0003,Packing,22565422734,1222,2.266112,7.930000,1.133333,0.000000,17.000000
P000115,D0003,Testing,0,1225,6.800000,34.000000,3.400000,0.000000,17.000000
P000115,D0003,TestOpr,22565422733,1221,3.400000,13.600000,1.360000,0.000000,0.000000
P000116,D0003,Assembly,22565422731,1211,1.250000,9.750000,1.250000,0.000000,0.000000
P000116,D0003,Assembly,22565422732,1212,2.500000,13.650000,1.750000,0.000000,6.000000
P000116,D0003,Packing,22565422734,1222,0.999168,5.810000,0.830000,1.000000,5.000000
P000116,D0003,Testing,0,1225,2.000000,12.000000,1.200000,1.000000,0.000000
P000116,D0003,Testing,0,1226,2.000000,15.000000,1.500000,1.000000,5.000000
P000116,D0003,TestOpr,22565422733,1221,2.000000,11.000000,1.100000,0.000000,0.000000
P000117,D0003,Assembly,22565422731,1211,2.500000,9.750000,1.250000,0.000000,5.000000
P000117,D0003,Packing,22565422734,1222,0.666112,2.330000,0.333333,0.000000,5.000000
P000117,D0003,Testing,0,1225,2.000000,10.000000,1.000000,0.000000,5.000000
P000117,D0003,TestOpr,22565422733,1221,1.000000,4.000000,0.400000,0.000000,0.000000
P000118,D0003,Assembly,22565422732,1212,2.500000,9.750000,1.250000,0.000000,5.000000
P000118,D0003,Packing,22565422734,1222,0.666112,2.330000,0.333333,0.000000,5.000000
P000118,D0003,Testing,0,1226,2.000000,10.000000,1.000000,0.000000,5.000000
P000118,D0003,TestOpr,22565422733,1221,1.000000,4.000000,0.400000,0.000000,0.000000
P000119,D0003,Assembly,22565422731,1211,2.500000,9.750000,1.250000,0.000000,5.000000
P000119,D0003,Packing,22565422734,1222,0.666112,2.330000,0.333333,0.000000,5.000000
P000119,D0003,Testing,0,1225,2.000000,10.000000,1.000000,0.000000,5.000000
P000119,D0003,TestOpr,22565422733,1221,1.000000,4.000000,0.400000,0.000000,0.000000
P000120,D0003,Assembly,22565422731,1211,2.500000,9.750000,1.250000,0.000000,5.000000
P000120,D0003,Packing,22565422734,1222,0.666112,2.330000,0.333333,0.000000,5.000000
P000120,D0003,Testing,0,1225,2.000000,10.000000,1.000000,0.000000,5.000000
P000120,D0003,TestOpr,22565422733,1221,1.000000,4.000000,0.400000,0.000000,0.000000
P000121,D0003,Assembly,22565422732,1212,2.500000,9.750000,1.250000,0.000000,5.000000
P000121,D0003,Packing,22565422734,1222,0.666112,2.330000,0.333333,0.000000,5.000000
P000121,D0003,Testing,0,1226,2.000000,10.000000,1.000000,0.000000,5.000000
P000121,D0003,TestOpr,22565422733,1221,1.000000,4.000000,0.400000,0.000000,0.000000
P000122,D0003,Assembly,22565422731,1211,2.500000,9.750000,1.250000,0.000000,5.000000
P000122,D0003,Packing,22565422734,1222,0.666112,2.330000,0.333333,0.000000,5.000000
P000122,D0003,Testing,0,1225,2.000000,10.000000,1.000000,0.000000,5.000000
P000122,D0003,TestOpr,22565422733,1221,1.000000,4.000000,0.400000,0.000000,0.000000
P000123,D0003,Assembly,22565422732,1212,2.500000,9.750000,1.250000,0.000000,5.000000
P000123,D0003,Packing,22565422734,1222,0.666112,2.330000,0.333333,0.000000,5.000000
P000123,D0003,Testing,0,1226,2.000000,10.000000,1.000000,0.000000,5.000000
P000123,D0003,TestOpr,22565422733,1221,1.000000,4.000000,0.400000,0.000000,0.000000
P000124,D0003,Assembly,22565422731,1211,3.000000,11.700000,1.500000,0.000000,6.000000
P000124,D0003,Packing,22565422734,1222,0.800000,2.800000,0.400000,0.000000,6.000000
P000124,D0003,Testing,0,1225,2.400000,12.000000,1.200000,0.000000,6.000000
P000124,D0003,Testing,22565422730,1225,1.200000,0.100000,0.010000,0.000000,0.000000
P000124,D0003,TestOpr,22565422733,1221,1.200000,4.800000,0.480000,0.000000,0.000000
P000125,D0003,Assembly,22565422732,1212,3.000000,11.700000,1.500000,0.000000,6.000000
P000125,D0003,Packing,22565422734,1222,0.800000,2.800000,0.400000,0.000000,6.000000
P000125,D0003,Testing,0,1226,2.400000,12.000000,1.200000,0.000000,6.000000
P000125,D0003,TestOpr,22565422733,1221,1.200000,4.800000,0.480000,0.000000,0.000000
P000126,D0003,Assembly,22565422731,1211,3.000000,11.700000,1.500000,0.000000,6.000000
P000126,D0003,Packing,22565422734,1222,0.800000,2.800000,0.400000,0.000000,6.000000
P000126,D0003,Testing,0,1225,2.400000,12.000000,1.200000,0.000000,6.000000
P000126,D0003,TestOpr,22565422733,1221,1.200000,4.800000,0.480000,0.000000,0.000000
P000127,D0003,Assembly,22565422732,1212,1.000000,3.900000,0.500000,0.000000,2.000000
P000127,D0003,Packing,22565422734,1222,0.266112,0.930000,0.133333,0.000000,2.000000
P000127,D0003,Testing,0,1226,0.800000,4.000000,0.400000,0.000000,2.000000
P000127,D0003,TestOpr,22565422733,1221,0.400000,1.600000,0.160000,0.000000,0.000000
P000128,D0003,Assembly,22565422731,1211,1.000000,3.900000,0.500000,0.000000,2.000000
P000128,D0003,Packing,22565422734,1222,0.266112,0.930000,0.133333,0.000000,2.000000
P000128,D0003,Testing,0,1225,0.800000,4.000000,0.400000,0.000000,2.000000
P000128,D0003,TestOpr,22565422733,1221,0.400000,1.600000,0.160000,0.000000,0.000000
P000129,D0003,Assembly,22565422732,1212,8.500000,33.150000,4.250000,0.000000,17.000000
P000129,D0003,Packing,22565422734,1222,2.266112,7.930000,1.133333,0.000000,17.000000
P000129,D0003,Testing,0,1225,6.800000,34.000000,3.400000,0.000000,17.000000
P000129,D0003,TestOpr,22565422733,1221,3.400000,13.600000,1.360000,0.000000,0.000000
P000130,D0003,Assembly,22565422732,1212,12.500000,48.750000,6.250000,0.000000,25.000000
P000130,D0003,Packing,22565422734,1222,3.333334,11.670000,1.666667,0.000000,25.000000
P000130,D0003,Testing,0,1226,10.000000,50.000000,5.000000,0.000000,25.000000
P000130,D0003,TestOpr,22565422733,1221,5.000000,20.000000,2.000000,0.000000,0.000000
P000132,D0003,Assembly,22565422731,1211,86.000000,335.400000,43.000000,0.000000,172.000000
P000132,D0003,Packing,22565422734,1222,22.933334,80.270000,11.466667,0.000000,172.000000
P000132,D0003,Testing,0,1225,68.800000,344.000000,34.400000,0.000000,172.000000
P000132,D0003,TestOpr,22565422733,1221,34.400000,137.600000,13.760000,0.000000,0.000000
P000133,D0004,Assembly,0,1310,11.333334,44.200000,5.666667,0.000000,17.000000
P000133,D0004,Finishing,0,1310,1.700000,6.800000,0.850000,0.000000,17.000000
P000133,D0004,Packing,0,1310,2.266666,9.660000,1.380000,1.000000,16.000000
P000133,D0004,Testing,0,1310,11.333334,56.670000,5.666667,0.000000,17.000000
P000134,D0004,Assembly,0,1310,2.666666,10.400000,1.333333,0.000000,4.000000
P000134,D0004,Finishing,0,1310,0.400000,1.600000,0.200000,0.000000,4.000000
P000134,D0004,Packing,0,1310,0.533334,1.870000,0.266667,0.000000,4.000000
P000134,D0004,Testing,0,1310,2.666666,13.330000,1.333333,0.000000,4.000000
P000135,D0004,Assembly,0,1310,2.666666,10.400000,1.333333,0.000000,4.000000
P000135,D0004,Finishing,0,1310,0.400000,1.600000,0.200000,0.000000,4.000000
P000135,D0004,Packing,0,1310,0.533334,1.870000,0.266667,0.000000,4.000000
P000135,D0004,Testing,0,1310,2.666666,13.330000,1.333333,0.000000,4.000000
P000136,D0004,Assembly,0,1310,12.000000,46.800000,6.000000,0.000000,18.000000
P000136,D0004,Finishing,0,1310,1.800000,7.200000,0.900000,0.000000,18.000000
P000136,D0004,Packing,0,1310,2.400000,8.400000,1.200000,0.000000,18.000000
P000136,D0004,Testing,0,1310,12.000000,60.000000,6.000000,0.000000,18.000000
P000137,D0004,Assembly,22565422735,1311,8.000000,31.200000,4.000000,0.000000,12.000000
P000137,D0004,Finishing,22565422735,1311,1.200000,4.800000,0.600000,0.000000,12.000000
P000137,D0004,Packing,0,1310,1.600000,5.600000,0.800000,0.000000,12.000000
P000137,D0004,Testing,22565422736,1312,8.000000,40.000000,4.000000,0.000000,12.000000
P000138,D0004,Assembly,22565422735,1311,8.000000,31.200000,4.000000,0.000000,12.000000
P000138,D0004,Finishing,22565422735,1311,1.200000,4.800000,0.600000,0.000000,12.000000
P000138,D0004,Packing,22565422736,1312,1.600000,5.600000,0.800000,0.000000,12.000000
P000138,D0004,Testing,22565422736,1312,8.000000,40.000000,4.000000,0.000000,12.000000
P000139,D0004,Assembly,22565422735,1311,8.000000,31.200000,4.000000,0.000000,12.000000
P000139,D0004,Finishing,22565422735,1311,1.200000,4.800000,0.600000,0.000000,12.000000
P000139,D0004,Packing,0,1310,1.600000,5.600000,0.800000,0.000000,12.000000
P000139,D0004,Testing,0,1310,8.000000,40.000000,4.000000,0.000000,12.000000
P000140,D0004,Assembly,22565422735,1311,12.000000,46.800000,6.000000,0.000000,18.000000
P000140,D0004,Finishing,22565422735,1311,1.800000,7.200000,0.900000,0.000000,18.000000
P000140,D0004,Packing,22565422736,1312,2.400000,8.400000,1.200000,0.000000,18.000000
P000140,D0004,Testing,22565422736,1312,12.000000,60.000000,6.000000,0.000000,18.000000
P000141,D0004,Assembly,22565422735,1311,4.000000,15.600000,2.000000,0.000000,6.000000
P000141,D0004,Finishing,22565422735,1311,0.600000,2.400000,0.300000,0.000000,6.000000
P000141,D0004,Packing,22565422736,1312,0.800000,2.800000,0.400000,0.000000,6.000000
P000141,D0004,Testing,0,1315,4.000000,20.000000,2.000000,0.000000,6.000000
P000142,D0004,Assembly,22565422735,1311,2.666112,10.400000,1.333333,0.000000,4.000000
P000142,D0004,Finishing,22565422735,1311,0.400000,1.600000,0.200000,0.000000,4.000000
P000142,D0004,Packing,22565422736,1312,0.533334,1.870000,0.266667,0.000000,4.000000
P000142,D0004,Testing,0,1315,2.666112,13.330000,1.333333,0.000000,4.000000
P000143,D0004,Assembly,22565422735,1311,2.666112,10.400000,1.333333,0.000000,4.000000
P000143,D0004,Finishing,22565422735,1311,0.400000,1.600000,0.200000,0.000000,4.000000
P000143,D0004,Packing,22565422736,1312,0.533334,1.870000,0.266667,0.000000,4.000000
P000143,D0004,Testing,22565422736,1312,2.666112,13.330000,1.333333,0.000000,4.000000
P000144,D0004,Assembly,22565422735,1311,2.666666,10.400000,1.333333,0.000000,4.000000
P000144,D0004,Finishing,0,1310,0.400000,1.600000,0.200000,0.000000,4.000000
P000144,D0004,Packing,22565422736,1312,0.533334,1.870000,0.266667,0.000000,4.000000
P000144,D0004,Testing,22565422736,1312,2.666666,13.330000,1.333333,0.000000,4.000000
P000145,D0004,Assembly,22565422735,1311,4.666112,18.200000,2.333333,0.000000,7.000000
P000145,D0004,Finishing,22565422735,1311,0.700000,2.800000,0.350000,0.000000,7.000000
P000145,D0004,Packing,22565422736,1312,0.933334,3.270000,0.466667,0.000000,7.000000
P000145,D0004,Testing,0,1315,4.666112,23.330000,2.333333,0.000000,7.000000
P000146,D0004,Assembly,22565422735,1311,4.000000,15.600000,2.000000,0.000000,6.000000
P000146,D0004,Finishing,22565422735,1311,0.600000,2.400000,0.300000,0.000000,6.000000
P000146,D0004,Packing,22565422736,1312,0.800000,2.800000,0.400000,0.000000,6.000000
P000146,D0004,Testing,0,1315,4.000000,20.000000,2.000000,0.000000,6.000000
P000147,D0004,Assembly,22565422735,1311,4.000000,15.600000,2.000000,0.000000,6.000000
P000147,D0004,Finishing,22565422735,1311,0.600000,2.400000,0.300000,0.000000,6.000000
P000147,D0004,Packing,22565422736,1312,0.800000,2.800000,0.400000,0.000000,6.000000
P000147,D0004,Testing,22565422736,1312,4.000000,20.000000,2.000000,0.000000,6.000000
P000148,D0004,Assembly,22565422735,1311,2.666112,10.400000,1.333333,0.000000,4.000000
P000148,D0004,Finishing,22565422735,1311,0.400000,1.600000,0.200000,0.000000,4.000000
P000148,D0004,Packing,22565422736,1312,0.533334,1.870000,0.266667,0.000000,4.000000
P000148,D0004,Testing,0,1315,2.666112,13.330000,1.333333,0.000000,4.000000
P000149,D0004,Assembly,22565422735,1311,2.666112,10.400000,1.333333,0.000000,4.000000
P000149,D0004,Finishing,22565422735,1311,0.400000,1.600000,0.200000,0.000000,4.000000
P000149,D0004,Packing,22565422736,1312,0.533334,1.870000,0.266667,0.000000,4.000000
P000149,D0004,Testing,0,1315,2.666112,13.330000,1.333333,0.000000,4.000000
P000150,D0004,Assembly,22565422735,1311,2.666112,10.400000,1.333333,0.000000,4.000000
P000150,D0004,Finishing,22565422735,1311,0.400000,1.600000,0.200000,0.000000,4.000000
P000150,D0004,Packing,22565422736,1312,0.533334,1.870000,0.266667,0.000000,4.000000
P000150,D0004,Testing,22565422736,1312,2.666112,13.330000,1.333333,0.000000,4.000000
P000151,D0004,Assembly,22565422735,1311,1.333334,5.200000,0.666667,0.000000,2.000000
P000151,D0004,Finishing,22565422735,1311,0.200000,0.800000,0.100000,0.000000,2.000000
P000151,D0004,Packing,22565422736,1312,0.266112,0.930000,0.133333,0.000000,2.000000
P000151,D0004,Testing,22565422736,1312,1.333334,6.670000,0.666667,0.000000,2.000000
P000153,D0004,Assembly,22565422735,1311,16.666666,65.000000,8.333333,0.000000,25.000000
P000153,D0004,Finishing,22565422735,1311,2.500000,10.000000,1.250000,0.000000,25.000000
P000153,D0004,Packing,22565422736,1312,3.333334,11.670000,1.666667,0.000000,25.000000
P000153,D0004,Testing,22565422736,1312,16.666666,83.330000,8.333333,0.000000,25.000000
P000155,D0004,Assembly,0,1310,98.000000,382.200000,49.000000,0.000000,147.000000
P000155,D0004,Finishing,0,1310,14.700000,58.800000,7.350000,0.000000,147.000000
P000155,D0004,Packing,0,1310,19.600000,68.600000,9.800000,0.000000,147.000000
P000155,D0004,Testing,0,1310,98.000000,490.000000,49.000000,0.000000,147.000000
P000156,D0005,Packing,22565422738,4111,0.000000,0.000000,0.000000,0.000000,319.000000
P000157,D0005,Packing,22565422738,4111,0.000000,0.000000,0.000000,0.000000,120.000000
P000160,D0003,Assembly,22565422731,1211,100.000000,1.250000,0.160000,0.000000,200.000000
P000160,D0003,Packing,22565422731,1222,13.213056,0.840000,0.120000,0.000000,0.000000
P000160,D0003,TestOpr,22565422731,1221,40.000000,0.400000,0.040000,0.000000,0.000000
P000161,D0003,Assembly,22565422731,1211,0.500000,0.080000,0.010000,0.000000,1.000000
P000161,D0003,Packing,22565422731,1222,0.066667,2.730000,0.390000,0.000000,0.000000
P000161,D0003,Testing,22565422731,1225,0.400000,0.100000,0.010000,0.000000,1.000000
P000161,D0003,TestOpr,22565422731,1221,0.200000,0.200000,0.020000,0.000000,0.000000
P000163,D0003,Assembly,22565422731,1211,0.500000,0.080000,0.010000,0.000000,1.000000
P000163,D0003,Packing,22565422731,1222,0.066667,36.960000,5.280000,0.000000,0.000000
P000163,D0003,Testing,22565422731,1225,0.400000,0.100000,0.010000,0.000000,1.000000
P000164,D0111,Assembly,22565422729,1121,0.300000,1.170000,0.150000,0.000000,3.000000
P000164,D0111,Testing,0,1226,0.900000,4.500000,0.450000,0.000000,3.000000
P000172,D0003,Assembly,22565422730,1211,5.000000,0.230000,0.030000,0.000000,10.000000
P000183,D0003,Assembly,22565422731,1211,5.000000,19.500000,2.500000,0.000000,10.000000
P000183,D0003,Packing,22565422724,1222,1.333334,3.780000,0.540000,0.000000,9.000000
P000183,D0003,Testing,0,1225,4.000000,20.000000,2.000000,0.000000,10.000000
P000183,D0003,TestOpr,22565422733,1221,2.000000,8.000000,0.800000,0.000000,0.000000
P000184,D0003,Assembly,22565422724,1211,1.000000,4.060000,0.520000,0.000000,2.000000
