,ProdId,ITEMID,OprID,WORKER,WrkCtrID,CalcHours,Amount,Hours,QTYERROR,QTYGOOD,TIME_DEVIATION,anomaly
0,B000001,P0001,Curing,0,3110,38.97112,194.86,19.48556,0.0,2917.0,19.48556,1
2,B000001,P0001,DispOpr,0,3110,29.22834,292.28,29.22834,0.0,0.0,0.0,1
3,B000001,P0001,Trim/Cut,0,3110,19.48556,97.43,9.74278,0.0,2917.0,9.74278,1
4,B000001,P0001,TrimOpr,0,3110,9.74278,97.43,9.74278,0.0,0.0,0.0,1
5,B000002,P0001,Curing,0,3110,1.56312,7.82,0.78156,0.0,117.0,0.78156,1
6,B000002,P0001,Dispense,0,3110,2.34468,11.72,1.17234,0.0,117.0,1.17234,1
7,B000002,P0001,DispOpr,0,3110,1.17234,11.72,1.17234,0.0,0.0,0.0,1
8,B000002,P0001,Mix/Heat,0,3110,4.68936,23.45,2.34468,0.0,117.0,2.34468,1
9,B000002,P0001,MixOpr,0,3110,2.34468,23.45,2.34468,0.0,0.0,0.0,1
10,B000002,P0001,Trim/Cut,0,3110,0.78156,3.91,0.39078,0.0,117.0,0.39078,1
11,B000002,P0001,TrimOpr,0,3110,0.39078,3.91,0.39078,0.0,0.0,0.0,1
12,B000003,P0001,Curing,0,3110,1.56312,7.82,0.78156,0.0,117.0,0.78156,1
13,B000003,P0001,Dispense,0,3110,2.34468,11.72,1.17234,0.0,117.0,1.17234,1
14,B000003,P0001,DispOpr,0,3110,1.17234,11.72,1.17234,0.0,0.0,0.0,1
15,B000003,P0001,Mix/Heat,0,3110,4.68936,23.45,2.34468,0.0,117.0,2.34468,1
16,B000003,P0001,MixOpr,0,3110,2.34468,23.45,2.34468,0.0,0.0,0.0,1
17,B000003,P0001,Trim/Cut,0,3110,0.78156,3.91,0.39078,0.0,117.0,0.39078,1
18,B000003,P0001,TrimOpr,0,3110,0.39078,3.91,0.39078,0.0,0.0,0.0,1
19,B000004,P0001,Curing,0,3110,0.4676,2.34,0.2338,0.0,35.0,0.2338,1
20,B000004,P0001,Dispense,0,3110,0.7014,3.51,0.3507,0.0,35.0,0.3507,1
21,B000004,P0001,DispOpr,0,3110,0.3507,3.51,0.3507,0.0,0.0,0.0,1
23,B000004,P0001,MixOpr,0,3110,0.7014,7.01,0.7014,0.0,0.0,0.0,1
25,B000004,P0001,TrimOpr,0,3110,0.1169,1.17,0.1169,0.0,0.0,0.0,1
26,B000005,P0001,Curing,0,3110,0.30728,1.54,0.15364,0.0,23.0,0.15364,1
27,B000005,P0001,Dispense,0,3110,0.46092,2.3,0.23046,0.0,23.0,0.23046,1
28,B000005,P0001,DispOpr,0,3110,0.23046,2.3,0.23046,0.0,0.0,0.0,1
29,B000005,P0001,Mix/Heat,0,3110,0.92184,4.61,0.46092,0.0,23.0,0.46092,1
30,B000005,P0001,MixOpr,0,3110,0.46092,4.61,0.46092,0.0,0.0,0.0,1
31,B000005,P0001,Trim/Cut,0,3110,0.15364,0.77,0.07682,0.0,23.0,0.07682,1
32,B000005,P0001,TrimOpr,0,3110,0.07682,0.77,0.07682,0.0,0.0,0.0,1
33,B000006,P0001,Curing,0,3110,0.36072,1.8,0.18036,0.0,27.0,0.18036,1
35,B000006,P0001,DispOpr,0,3110,0.27054,2.71,0.27054,0.0,0.0,0.0,1
36,B000006,P0001,Mix/Heat,0,3110,1.08216,5.41,0.54108,0.0,27.0,0.54108,1
37,B000006,P0001,MixOpr,0,3110,0.54108,5.41,0.54108,0.0,0.0,0.0,1
38,B000006,P0001,Trim/Cut,0,3110,0.18036,0.9,0.09018,0.0,27.0,0.09018,1
39,B000006,P0001,TrimOpr,0,3110,0.09018,0.9,0.09018,0.0,0.0,0.0,1
41,B000007,P0001,Dispense,0,3110,1.86372,9.32,0.93186,0.0,93.0,0.93186,1
42,B000007,P0001,DispOpr,0,3110,0.93186,9.32,0.93186,0.0,0.0,0.0,1
43,B000007,P0001,Mix/Heat,0,3110,3.72744,18.64,1.86372,0.0,93.0,1.86372,1
44,B000007,P0001,MixOpr,0,3110,1.86372,18.64,1.86372,0.0,0.0,0.0,1
45,B000007,P0001,Trim/Cut,0,3110,0.62124,3.11,0.31062,0.0,93.0,0.31062,1
46,B000007,P0001,TrimOpr,0,3110,0.31062,3.11,0.31062,0.0,0.0,0.0,1
47,B000008,P0001,Curing,0,3110,1.56312,7.82,0.78156,0.0,117.0,0.78156,1
48,B000008,P0001,Dispense,0,3110,2.34468,11.72,1.17234,0.0,117.0,1.17234,1
49,B000008,P0001,DispOpr,0,3110,1.17234,11.72,1.17234,0.0,0.0,0.0,1
50,B000008,P0001,Mix/Heat,0,3110,4.68936,23.45,2.34468,0.0,117.0,2.34468,1
51,B000008,P0001,MixOpr,0,3110,2.34468,23.45,2.34468,0.0,0.0,0.0,1
52,B000008,P0001,Trim/Cut,0,3110,0.78156,3.91,0.39078,0.0,117.0,0.39078,1
53,B000008,P0001,TrimOpr,0,3110,0.39078,3.91,0.39078,0.0,0.0,0.0,1
54,B000009,P0001,Curing,0,3110,1.56312,7.82,0.78156,0.0,117.0,0.78156,1
55,B000009,P0001,Dispense,0,3110,2.34468,11.72,1.17234,0.0,117.0,1.17234,1
56,B000009,P0001,DispOpr,0,3110,1.17234,11.72,1.17234,0.0,0.0,0.0,1
57,B000009,P0001,Mix/Heat,0,3110,4.68936,23.45,2.34468,0.0,117.0,2.34468,1
58,B000009,P0001,MixOpr,0,3110,2.34468,23.45,2.34468,0.0,0.0,0.0,1
59,B000009,P0001,Trim/Cut,0,3110,0.78156,3.91,0.39078,0.0,117.0,0.39078,1
60,B000009,P0001,TrimOpr,0,3110,0.39078,3.91,0.39078,0.0,0.0,0.0,1
62,B000010,P0001,Dispense,0,3110,1.86372,9.32,0.93186,0.0,93.0,0.93186,1
63,B000010,P0001,DispOpr,0,3110,0.93186,9.32,0.93186,0.0,0.0,0.0,1
64,B000010,P0001,Mix/Heat,0,3110,3.72744,18.64,1.86372,0.0,93.0,1.86372,1
65,B000010,P0001,MixOpr,0,3110,1.86372,18.64,1.86372,0.0,0.0,0.0,1
66,B000010,P0001,Trim/Cut,0,3110,0.62124,3.11,0.31062,0.0,93.0,0.31062,1
67,B000010,P0001,TrimOpr,0,3110,0.31062,3.11,0.31062,0.0,0.0,0.0,1
68,B000011,P0001,Curing,0,3110,1.84368,9.22,0.92184,0.0,138.0,0.92184,1
70,B000011,P0001,DispOpr,0,3110,1.38276,13.83,1.38276,0.0,0.0,0.0,1
72,B000011,P0001,MixOpr,0,3110,2.76552,27.66,2.76552,0.0,0.0,0.0,1
73,B000011,P0001,Trim/Cut,0,3110,0.92184,4.61,0.46092,0.0,138.0,0.46092,1
74,B000011,P0001,TrimOpr,0,3110,0.46092,4.61,0.46092,0.0,0.0,0.0,1
75,B000012,P0001,Curing,0,3110,1.56312,7.82,0.78156,0.0,117.0,0.78156,1
76,B000012,P0001,Dispense,0,3110,2.34468,11.72,1.17234,0.0,117.0,1.17234,1
77,B000012,P0001,DispOpr,0,3110,1.17234,11.72,1.17234,0.0,0.0,0.0,1
78,B000012,P0001,Mix/Heat,0,3110,4.68936,23.45,2.34468,0.0,117.0,2.34468,1
79,B000012,P0001,MixOpr,0,3110,2.34468,23.45,2.34468,0.0,0.0,0.0,1
80,B000012,P0001,Trim/Cut,0,3110,0.78156,3.91,0.39078,0.0,117.0,0.39078,1
81,B000012,P0001,TrimOpr,0,3110,0.39078,3.91,0.39078,0.0,0.0,0.0,1
84,B000013,P0001,DispOpr,0,3110,0.26052,2.61,0.26052,0.0,0.0,0.0,1
86,B000013,P0001,MixOpr,0,3110,0.52104,5.21,0.52104,0.0,0.0,0.0,1
87,B000013,P0001,Trim/Cut,0,3110,0.17368,0.87,0.08684,0.0,26.0,0.08684,1
88,B000013,P0001,TrimOpr,0,3110,0.08684,0.87,0.08684,0.0,0.0,0.0,1
89,B000014,P0001,Curing,0,3110,0.30728,1.54,0.15364,0.0,23.0,0.15364,1
90,B000014,P0001,Dispense,0,3110,0.46092,2.3,0.23046,0.0,23.0,0.23046,1
91,B000014,P0001,DispOpr,0,3110,0.23046,2.3,0.23046,0.0,0.0,0.0,1
92,B000014,P0001,Mix/Heat,0,3110,0.92184,4.61,0.46092,0.0,23.0,0.46092,1
93,B000014,P0001,MixOpr,0,3110,0.46092,4.61,0.46092,0.0,0.0,0.0,1
94,B000014,P0001,Trim/Cut,0,3110,0.15364,0.77,0.07682,0.0,23.0,0.07682,1
95,B000014,P0001,TrimOpr,0,3110,0.07682,0.77,0.07682,0.0,0.0,0.0,1
96,B000015,P0001,Curing,0,3110,0.4676,2.34,0.2338,0.0,35.0,0.2338,1
97,B000015,P0001,Dispense,0,3110,0.7014,3.51,0.3507,0.0,35.0,0.3507,1
98,B000015,P0001,DispOpr,0,3110,0.3507,3.51,0.3507,0.0,0.0,0.0,1
100,B000015,P0001,MixOpr,0,3110,0.7014,7.01,0.7014,0.0,0.0,0.0,1
102,B000015,P0001,TrimOpr,0,3110,0.1169,1.17,0.1169,0.0,0.0,0.0,1
103,B000016,P0001,Curing,0,3110,0.24048,1.2,0.12024,0.0,18.0,0.12024,1
104,B000016,P0001,Dispense,0,3110,0.36072,1.8,0.18036,0.0,18.0,0.18036,1
105,B000016,P0001,DispOpr,0,3110,0.18036,1.8,0.18036,0.0,0.0,0.0,1
106,B000016,P0001,Mix/Heat,0,3110,0.72144,3.61,0.36072,0.0,18.0,0.36072,1
107,B000016,P0001,MixOpr,0,3110,0.36072,3.61,0.36072,0.0,0.0,0.0,1
108,B000016,P0001,Trim/Cut,0,3110,0.12024,0.6,0.06012,0.0,18.0,0.06012,1
109,B000016,P0001,TrimOpr,0,3110,0.06012,0.6,0.06012,0.0,0.0,0.0,1
111,B000017,P0001,Dispense,0,3110,0.58116,2.91,0.29058,0.0,29.0,0.29058,1
112,B000017,P0001,DispOpr,0,3110,0.29058,2.91,0.29058,0.0,0.0,0.0,1
114,B000017,P0001,MixOpr,0,3110,0.58116,5.81,0.58116,0.0,0.0,0.0,1
115,B000017,P0001,Trim/Cut,0,3110,0.19372,0.97,0.09686,0.0,29.0,0.09686,1
116,B000017,P0001,TrimOpr,0,3110,0.09686,0.97,0.09686,0.0,0.0,0.0,1
117,B-000017,P3000,Extraction,0,1101,53.28,0.0,53.28,0.0,0.0,0.0,1
118,B-000017,P3000,Grading,0,11,159.84,0.0,479.52,0.0,0.0,-319.67999999999995,1
119,B-000017,P3000,Washing,0,1102,53.28,0.0,53.28,0.0,0.0,0.0,1
120,B-000017,P6000,Extraction,0,1101,53.28,0.0,53.28,0.0,0.0,0.0,1
121,B-000017,P6000,Grading,0,11,159.84,0.0,479.52,0.0,0.0,-319.67999999999995,1
122,B-000017,P6000,Washing,0,1102,53.28,0.0,53.28,0.0,0.0,0.0,1
124,B000018,P0001,Dispense,0,3110,0.58116,2.91,0.29058,0.0,29.0,0.29058,1
125,B000018,P0001,DispOpr,0,3110,0.29058,2.91,0.29058,0.0,0.0,0.0,1
127,B000018,P0001,MixOpr,0,3110,0.58116,5.81,0.58116,0.0,0.0,0.0,1
128,B000018,P0001,Trim/Cut,0,3110,0.19372,0.97,0.09686,0.0,29.0,0.09686,1
129,B000018,P0001,TrimOpr,0,3110,0.09686,0.97,0.09686,0.0,0.0,0.0,1
130,B-000018,P3001,Extraction,0,1101,53.28,0.0,53.28,0.0,0.0,0.0,1
131,B-000018,P3001,Grading,0,11,159.84,0.0,479.52,0.0,0.0,-319.67999999999995,1
132,B-000018,P3001,Washing,0,1102,53.28,0.0,53.28,0.0,0.0,0.0,1
133,B-000018,P6000,Extraction,0,1101,53.28,0.0,53.28,0.0,0.0,0.0,1
134,B-000018,P6000,Grading,0,11,159.84,0.0,479.52,0.0,0.0,-319.67999999999995,1
135,B-000018,P6000,Washing,0,1102,53.28,0.0,53.28,0.0,0.0,0.0,1
137,B000019,P0001,Dispense,0,3110,0.58116,2.91,0.29058,0.0,29.0,0.29058,1
138,B000019,P0001,DispOpr,0,3110,0.29058,2.91,0.29058,0.0,0.0,0.0,1
140,B000019,P0001,MixOpr,0,3110,0.58116,5.81,0.58116,0.0,0.0,0.0,1
141,B000019,P0001,Trim/Cut,0,3110,0.19372,0.97,0.09686,0.0,29.0,0.09686,1
142,B000019,P0001,TrimOpr,0,3110,0.09686,0.97,0.09686,0.0,0.0,0.0,1
143,B-000019,P3002,Extraction,0,1101,53.28,0.0,53.28,0.0,0.0,0.0,1
144,B-000019,P3002,Grading,0,11,159.84,0.0,479.52,0.0,0.0,-319.67999999999995,1
145,B-000019,P3002,Washing,0,1102,53.28,0.0,53.28,0.0,0.0,0.0,1
146,B-000019,P6000,Extraction,0,1101,53.28,0.0,53.28,0.0,0.0,0.0,1
147,B-000019,P6000,Grading,0,11,159.84,0.0,479.52,0.0,0.0,-319.67999999999995,1
148,B-000019,P6000,Washing,0,1102,53.28,0.0,53.28,0.0,0.0,0.0,1
149,B000020,P0001,Curing,0,3110,0.24048,1.2,0.12024,0.0,18.0,0.12024,1
150,B000020,P0001,Dispense,0,3110,0.36072,1.8,0.18036,0.0,18.0,0.18036,1
151,B000020,P0001,DispOpr,0,3110,0.18036,1.8,0.18036,0.0,0.0,0.0,1
152,B000020,P0001,Mix/Heat,0,3110,0.72144,3.61,0.36072,0.0,18.0,0.36072,1
153,B000020,P0001,MixOpr,0,3110,0.36072,3.61,0.36072,0.0,0.0,0.0,1
154,B000020,P0001,Trim/Cut,0,3110,0.12024,0.6,0.06012,0.0,18.0,0.06012,1
155,B000020,P0001,TrimOpr,0,3110,0.06012,0.6,0.06012,0.0,0.0,0.0,1
156,B-000020,P3003,Extraction,0,1101,53.28,0.0,53.28,0.0,0.0,0.0,1
157,B-000020,P3003,Grading,0,11,159.84,0.0,479.52,0.0,0.0,-319.67999999999995,1
158,B-000020,P3003,Washing,0,1102,53.28,0.0,53.28,0.0,0.0,0.0,1
159,B-000020,P6000,Extraction,0,1101,53.28,0.0,53.28,0.0,0.0,0.0,1
160,B-000020,P6000,Grading,0,11,159.84,0.0,479.52,0.0,0.0,-319.67999999999995,1
161,B-000020,P6000,Washing,0,1102,53.28,0.0,53.28,0.0,0.0,0.0,1
162,B000021,P0001,Curing,0,3110,0.4676,2.34,0.2338,0.0,35.0,0.2338,1
163,B000021,P0001,Dispense,0,3110,0.7014,3.51,0.3507,0.0,35.0,0.3507,1
164,B000021,P0001,DispOpr,0,3110,0.3507,3.51,0.3507,0.0,0.0,0.0,1
166,B000021,P0001,MixOpr,0,3110,0.7014,7.01,0.7014,0.0,0.0,0.0,1
168,B000021,P0001,TrimOpr,0,3110,0.1169,1.17,0.1169,0.0,0.0,0.0,1
169,B-000021,P3004,Fill/Pack,0,4104,10.495833,0.0,10.496,0.0,0.0,-0.00016700000000113846,1
170,B-000021,P3004,Fill/Pack1,0,4102,10.495833,0.0,10.496,0.0,0.0,-0.00016700000000113846,1
171,B-000021,P7000,Fill/Pack,0,4104,10.495833,0.0,10.496,0.0,0.0,-0.00016700000000113846,1
172,B-000021,P7000,Fill/Pack1,0,4102,10.495833,0.0,10.496,0.0,0.0,-0.00016700000000113846,1
173,B000022,P0001,Curing,0,3110,0.4676,2.34,0.2338,0.0,35.0,0.2338,1
174,B000022,P0001,Dispense,0,3110,0.7014,3.51,0.3507,0.0,35.0,0.3507,1
175,B000022,P0001,DispOpr,0,3110,0.3507,3.51,0.3507,0.0,0.0,0.0,1
177,B000022,P0001,MixOpr,0,3110,0.7014,7.01,0.7014,0.0,0.0,0.0,1
179,B000022,P0001,TrimOpr,0,3110,0.1169,1.17,0.1169,0.0,0.0,0.0,1
180,B-000022,P3005,Fill/Pack,0,4104,10.495833,0.0,10.496,0.0,0.0,-0.00016700000000113846,1
181,B-000022,P3005,Fill/Pack1,0,4102,10.495833,0.0,10.496,0.0,0.0,-0.00016700000000113846,1
182,B-000022,P7000,Fill/Pack,0,4104,10.495833,0.0,10.496,0.0,0.0,-0.00016700000000113846,1
183,B-000022,P7000,Fill/Pack1,0,4102,10.495833,0.0,10.496,0.0,0.0,-0.00016700000000113846,1
184,B000023,P0001,Curing,0,3110,0.08016,0.4,0.04008,0.0,6.0,0.04008,1
185,B000023,P0001,Dispense,0,3110,0.12024,0.6,0.06012,0.0,6.0,0.06012,1
186,B000023,P0001,DispOpr,0,3110,0.06012,0.6,0.06012,0.0,0.0,0.0,1
187,B000023,P0001,Mix/Heat,0,3110,0.24048,1.2,0.12024,0.0,6.0,0.12024,1
188,B000023,P0001,MixOpr,0,3110,0.12024,1.2,0.12024,0.0,0.0,0.0,1
189,B000023,P0001,Trim/Cut,0,3110,0.04008,0.2,0.02004,0.0,6.0,0.02004,1
190,B000023,P0001,TrimOpr,0,3110,0.02004,0.2,0.02004,0.0,0.0,0.0,1
191,B-000023,P4000,Fill/Pack,0,4104,10.495833,0.0,10.496,0.0,0.0,-0.00016700000000113846,1
192,B-000023,P4000,Fill/Pack1,0,4102,10.495833,0.0,10.496,0.0,0.0,-0.00016700000000113846,1
194,B-000023,P7000,Fill/Pack,0,4104,10.495833,0.0,10.496,0.0,0.0,-0.00016700000000113846,1
195,B-000023,P7000,Fill/Pack1,0,4102,10.495833,0.0,10.496,0.0,0.0,-0.00016700000000113846,1
197,B000024,P0001,Curing,0,3110,0.08016,0.4,0.04008,0.0,6.0,0.04008,1
198,B000024,P0001,Dispense,0,3110,0.12024,0.6,0.06012,0.0,6.0,0.06012,1
199,B000024,P0001,DispOpr,0,3110,0.06012,0.6,0.06012,0.0,0.0,0.0,1
200,B000024,P0001,Mix/Heat,0,3110,0.24048,1.2,0.12024,0.0,6.0,0.12024,1
201,B000024,P0001,MixOpr,0,3110,0.12024,1.2,0.12024,0.0,0.0,0.0,1
202,B000024,P0001,Trim/Cut,0,3110,0.04008,0.2,0.02004,0.0,6.0,0.02004,1
203,B000024,P0001,TrimOpr,0,3110,0.02004,0.2,0.02004,0.0,0.0,0.0,1
204,B-000024,P7000,Fill/Pack,0,4104,10.495833,0.0,10.496,0.0,0.0,-0.00016700000000113846,1
205,B-000024,P7000,Fill/Pack1,0,4102,10.495833,0.0,10.496,0.0,0.0,-0.00016700000000113846,1
207,B000025,P0001,Dispense,0,3110,0.04008,0.2,0.02004,0.0,2.0,0.02004,1
208,B000025,P0001,DispOpr,0,3110,0.02004,0.2,0.02004,0.0,0.0,0.0,1
209,B000025,P0001,Mix/Heat,0,3110,0.08016,0.4,0.04008,0.0,2.0,0.04008,1
210,B000025,P0001,MixOpr,0,3110,0.04008,0.4,0.04008,0.0,0.0,0.0,1
212,B000025,P0001,TrimOpr,0,3110,0.00668,0.07,0.00668,0.0,0.0,0.0,1
213,B-000025,P8000,Fill/Pack,0,4104,32.0,0.0,32.0,0.0,0.0,0.0,1
214,B-000025,P8000,Fill/Pack1,0,4102,32.0,0.0,32.0,0.0,0.0,0.0,1
216,B000026,P0001,Dispense,0,3116,2.223336,3.71,0.37074,0.0,37.0,1.8525960000000001,1
217,B000026,P0001,DispOpr,22565422737,3111,1.111668,3.71,0.37074,0.0,0.0,0.740928,1
220,B000026,P0001,Trim/Cut,0,3118,0.739998,1.24,0.12358,0.0,37.0,0.616418,1
222,B-000026,P8000,Fill/Pack,0,4104,32.0,0.0,32.0,0.0,0.0,0.0,1
223,B-000026,P8000,Fill/Pack1,0,4102,32.0,0.0,32.0,0.0,0.0,0.0,1
225,B000027,P0001,Dispense,0,3116,0.500556,2.51,0.2505,0.0,25.0,0.250056,1
228,B000027,P0001,MixOpr,22565422737,3111,0.500833,5.01,0.501,0.0,0.0,-0.00016700000000002824,1
229,B000027,P0001,Trim/Cut,0,3118,0.166666,0.84,0.0835,0.0,25.0,0.083166,1
230,B000027,P0001,TrimOpr,22565422737,3111,0.083333,0.84,0.0835,0.0,0.0,-0.00016700000000000048,1
231,B-000027,P8000,Fill/Pack,0,4104,32.0,0.0,32.0,0.0,0.0,0.0,1
232,B-000027,P8000,Fill/Pack1,0,4102,32.0,0.0,32.0,0.0,0.0,0.0,1
236,B000028,P0001,Mix/Heat,0,3115,1.122222,5.61,0.56112,0.0,28.0,0.5611020000000001,1
238,B000028,P0001,Trim/Cut,0,3118,0.186666,0.94,0.09352,0.0,28.0,0.09314599999999999,1
239,B000028,P0001,TrimOpr,22565422737,3111,0.093333,0.94,0.09352,0.0,0.0,-0.0001870000000000066,1
240,B-000028,P8000,Fill/Pack,0,4104,32.0,0.0,32.0,0.0,0.0,0.0,1
241,B-000028,P8000,Fill/Pack1,0,4102,32.0,0.0,32.0,0.0,0.0,0.0,1
244,B000029,P0001,DispOpr,22565422737,3111,1.232222,12.32,1.23246,0.0,0.0,-0.0002380000000001825,1
245,B000029,P0001,Mix/Heat,0,3115,4.929444,24.65,2.46492,0.0,123.0,2.464524,1
246,B000029,P0001,MixOpr,22565422737,3111,2.464722,24.65,2.46492,0.0,0.0,-0.0001980000000001425,1
249,B-000029,P9000,Fill/Pack,0,5103,10.666667,0.0,10.666667,0.0,0.0,0.0,1
250,B-000029,P9000,Pasteur,0,5102,10.666667,0.0,10.666667,0.0,0.0,0.0,1
251,B-000029,P9000,Reconst,0,5101,10.666667,0.0,10.666667,0.0,0.0,0.0,1
254,B000030,P0001,DispOpr,22565422737,3111,1.232222,12.32,1.23246,0.0,0.0,-0.0002380000000001825,1
255,B000030,P0001,Mix/Heat,0,3115,4.929444,24.65,2.46492,0.0,123.0,2.464524,1
256,B000030,P0001,MixOpr,22565422737,3111,2.464722,24.65,2.46492,0.0,0.0,-0.0001980000000001425,1
259,B-000030,P9000,Fill/Pack,0,5103,10.666667,0.0,10.666667,0.0,0.0,0.0,1
260,B-000030,P9000,Pasteur,0,5102,10.666667,0.0,10.666667,0.0,0.0,0.0,1
261,B-000030,P9000,Reconst,0,5101,10.666667,0.0,10.666667,0.0,0.0,0.0,1
268,B000031,P0001,TrimOpr,22565422737,3111,0.327222,3.27,0.32732,0.0,0.0,-9.799999999998699e-05,1
269,B-000031,P9000,Fill/Pack,0,5103,10.666667,0.0,10.666667,0.0,0.0,0.0,1
270,B-000031,P9000,Pasteur,0,5102,10.666667,0.0,10.666667,0.0,0.0,0.0,1
271,B-000031,P9000,Reconst,0,5101,10.666667,0.0,10.666667,0.0,0.0,0.0,1
274,B000032,P0001,DispOpr,22565422737,3111,1.452778,14.53,1.4529,0.0,0.0,-0.00012200000000017752,1
276,B000032,P0001,MixOpr,22565422737,3111,2.905556,29.06,2.9058,0.0,0.0,-0.00024400000000035504,1
278,B000032,P0001,TrimOpr,22565422737,3111,0.484167,4.84,0.4843,0.0,0.0,-0.00013299999999999423,1
279,B-000032,P9000,Fill/Pack,0,5103,10.666667,0.0,10.666667,0.0,0.0,0.0,1
280,B-000032,P9000,Pasteur,0,5102,10.666667,0.0,10.666667,0.0,0.0,0.0,1
281,B-000032,P9000,Reconst,0,5101,10.666667,0.0,10.666667,0.0,0.0,0.0,1
284,B000033,P0001,DispOpr,22565422737,3111,1.232222,12.32,1.23246,0.0,0.0,-0.0002380000000001825,1
285,B000033,P0001,Mix/Heat,0,3115,4.929444,24.65,2.46492,0.0,123.0,2.464524,1
286,B000033,P0001,MixOpr,22565422737,3111,2.464722,24.65,2.46492,0.0,0.0,-0.0001980000000001425,1
289,B-000033,P6000,Extraction,0,1101,53.28,0.0,53.28,0.0,0.0,0.0,1
290,B-000033,P6000,Grading,0,11,159.84,0.0,479.52,0.0,0.0,-319.67999999999995,1
291,B-000033,P6000,Washing,0,1102,53.28,0.0,53.28,0.0,0.0,0.0,1
292,B000034,P0001,Curing,0,3117,0.360556,1.8,0.18036,0.0,27.0,0.180196,1
296,B000034,P0001,MixOpr,22565422737,3111,0.540833,5.41,0.54108,0.0,0.0,-0.0002469999999999972,1
297,B000034,P0001,Trim/Cut,0,3118,0.18,0.9,0.09018,0.0,27.0,0.08982,1
299,B-000034,P6000,Extraction,0,1101,53.28,0.0,53.28,0.0,0.0,0.0,1
300,B-000034,P6000,Grading,0,11,159.84,0.0,479.52,0.0,0.0,-319.67999999999995,1
301,B-000034,P6000,Washing,0,1102,53.28,0.0,53.28,0.0,0.0,0.0,1
303,B000035,P0001,Dispense,0,3116,0.500556,2.51,0.2505,0.0,25.0,0.250056,1
306,B000035,P0001,MixOpr,22565422737,3111,0.500833,5.01,0.501,0.0,0.0,-0.00016700000000002824,1
307,B000035,P0001,Trim/Cut,0,3118,0.166666,0.84,0.0835,0.0,25.0,0.083166,1
308,B000035,P0001,TrimOpr,22565422737,3111,0.083333,0.84,0.0835,0.0,0.0,-0.00016700000000000048,1
309,B-000035,P6000,Extraction,0,1101,53.28,0.0,53.28,0.0,0.0,0.0,1
310,B-000035,P6000,Grading,0,11,159.84,0.0,479.52,0.0,0.0,-319.67999999999995,1
311,B-000035,P6000,Washing,0,1102,53.28,0.0,53.28,0.0,0.0,0.0,1
313,B000036,P0001,Dispense,0,3116,0.741112,3.71,0.37074,0.0,37.0,0.370372,1
314,B000036,P0001,DispOpr,22565422737,3111,0.370556,3.71,0.37074,0.0,0.0,-0.00018400000000001748,1
315,B000036,P0001,Mix/Heat,0,3115,1.482778,7.41,0.74148,0.0,37.0,0.7412979999999999,1
316,B000036,P0001,MixOpr,22565422737,3111,0.741389,7.41,0.74148,0.0,0.0,-9.100000000006325e-05,1
318,B000036,P0001,TrimOpr,22565422737,3111,0.123333,1.24,0.12358,0.0,0.0,-0.0002469999999999972,1
319,B000037,P0001,Curing,0,3117,0.24,1.2,0.12024,0.0,18.0,0.11975999999999999,1
320,B000037,P0001,Dispense,0,3116,0.360556,1.8,0.18036,0.0,18.0,0.180196,1
321,B000037,P0001,DispOpr,22565422737,3111,0.180278,1.8,0.18036,0.0,0.0,-8.199999999999874e-05,1
322,B000037,P0001,Mix/Heat,0,3115,0.721112,3.61,0.36072,0.0,18.0,0.360392,1
324,B000037,P0001,Trim/Cut,0,3118,0.12,0.6,0.06012,0.0,18.0,0.059879999999999996,1
325,B000037,P0001,TrimOpr,22565422737,3111,0.06,0.6,0.06012,0.0,0.0,-0.00012000000000000205,1
326,B-000037,P7000,Fill/Pack,0,4104,10.495833,0.0,10.496,0.0,0.0,-0.00016700000000113846,1
327,B-000037,P7000,Fill/Pack1,0,4102,10.495833,0.0,10.496,0.0,0.0,-0.00016700000000113846,1
329,B000038,P0001,Dispense,0,3116,0.621112,3.11,0.31062,0.0,31.0,0.310492,1
330,B000038,P0001,DispOpr,22565422737,3111,0.310556,3.11,0.31062,0.0,0.0,-6.40000000000085e-05,1
332,B000038,P0001,MixOpr,22565422737,3111,0.621111,6.21,0.62124,0.0,0.0,-0.00012900000000004574,1
333,B000038,P0001,Trim/Cut,0,3118,0.206666,1.04,0.10354,0.0,31.0,0.103126,1
334,B000038,P0001,TrimOpr,22565422737,3111,0.103333,1.04,0.10354,0.0,0.0,-0.00020699999999999885,1
335,B-000038,P7000,Fill/Pack,0,4104,10.495833,0.0,10.496,0.0,0.0,-0.00016700000000113846,1
336,B-000038,P7000,Fill/Pack1,0,4102,10.495833,0.0,10.496,0.0,0.0,-0.00016700000000113846,1
338,B000039,P0001,Dispense,0,3116,0.621112,3.11,0.31062,0.0,31.0,0.310492,1
339,B000039,P0001,DispOpr,22565422737,3111,0.310556,3.11,0.31062,0.0,0.0,-6.40000000000085e-05,1
341,B000039,P0001,MixOpr,22565422737,3111,0.621111,6.21,0.62124,0.0,0.0,-0.00012900000000004574,1
342,B000039,P0001,Trim/Cut,0,3118,0.206666,1.04,0.10354,0.0,31.0,0.103126,1
343,B000039,P0001,TrimOpr,22565422737,3111,0.103333,1.04,0.10354,0.0,0.0,-0.00020699999999999885,1
344,B-000039,P7000,Fill/Pack,0,4104,10.495833,0.0,10.496,0.0,0.0,-0.00016700000000113846,1
345,B-000039,P7000,Fill/Pack1,0,4102,10.495833,0.0,10.496,0.0,0.0,-0.00016700000000113846,1
347,B000040,P0001,Dispense,0,3116,0.621112,3.11,0.31062,0.0,31.0,0.310492,1
348,B000040,P0001,DispOpr,22565422737,3111,0.310556,3.11,0.31062,0.0,0.0,-6.40000000000085e-05,1
350,B000040,P0001,MixOpr,22565422737,3111,0.621111,6.21,0.62124,0.0,0.0,-0.00012900000000004574,1
351,B000040,P0001,Trim/Cut,0,3118,0.206666,1.04,0.10354,0.0,31.0,0.103126,1
352,B000040,P0001,TrimOpr,22565422737,3111,0.103333,1.04,0.10354,0.0,0.0,-0.00020699999999999885,1
353,B000041,P0001,Curing,0,3117,0.24,1.2,0.12024,0.0,18.0,0.11975999999999999,1
354,B000041,P0001,Dispense,0,3116,0.360556,1.8,0.18036,0.0,18.0,0.180196,1
355,B000041,P0001,DispOpr,22565422737,3111,0.180278,1.8,0.18036,0.0,0.0,-8.199999999999874e-05,1
356,B000041,P0001,Mix/Heat,0,3115,0.721112,3.61,0.36072,0.0,18.0,0.360392,1
358,B000041,P0001,Trim/Cut,0,3118,0.12,0.6,0.06012,0.0,18.0,0.059879999999999996,1
359,B000041,P0001,TrimOpr,22565422737,3111,0.06,0.6,0.06012,0.0,0.0,-0.00012000000000000205,1
360,B-000041,P8000,Fill/Pack,0,4104,32.0,0.0,32.0,0.0,0.0,0.0,1
361,B-000041,P8000,Fill/Pack1,0,4102,32.0,0.0,32.0,0.0,0.0,0.0,1
363,B000042,P0001,Dispense,0,3116,0.741112,3.71,0.37074,0.0,37.0,0.370372,1
364,B000042,P0001,DispOpr,22565422737,3111,0.370556,3.71,0.37074,0.0,0.0,-0.00018400000000001748,1
365,B000042,P0001,Mix/Heat,0,3115,1.482778,7.41,0.74148,0.0,37.0,0.7412979999999999,1
366,B000042,P0001,MixOpr,22565422737,3111,0.741389,7.41,0.74148,0.0,0.0,-9.100000000006325e-05,1
368,B000042,P0001,TrimOpr,22565422737,3111,0.123333,1.24,0.12358,0.0,0.0,-0.0002469999999999972,1
369,B-000042,P8000,Fill/Pack,0,4104,32.0,0.0,32.0,0.0,0.0,0.0,1
370,B-000042,P8000,Fill/Pack1,0,4102,32.0,0.0,32.0,0.0,0.0,0.0,1
372,B000043,P0001,Dispense,0,3116,0.741112,3.71,0.37074,0.0,37.0,0.370372,1
373,B000043,P0001,DispOpr,22565422737,3111,0.370556,3.71,0.37074,0.0,0.0,-0.00018400000000001748,1
374,B000043,P0001,Mix/Heat,0,3115,1.482778,7.41,0.74148,0.0,37.0,0.7412979999999999,1
375,B000043,P0001,MixOpr,22565422737,3111,0.741389,7.41,0.74148,0.0,0.0,-9.100000000006325e-05,1
377,B000043,P0001,TrimOpr,22565422737,3111,0.123333,1.24,0.12358,0.0,0.0,-0.0002469999999999972,1
378,B-000043,P8000,Fill/Pack,0,4104,32.0,0.0,32.0,0.0,0.0,0.0,1
379,B-000043,P8000,Fill/Pack1,0,4102,32.0,0.0,32.0,0.0,0.0,0.0,1
380,B000044,P0001,Curing,0,3117,0.08,0.4,0.04008,0.0,6.0,0.039920000000000004,1
381,B000044,P0001,Dispense,0,3116,0.12,0.6,0.06012,0.0,6.0,0.059879999999999996,1
382,B000044,P0001,DispOpr,22565422737,3111,0.06,0.6,0.06012,0.0,0.0,-0.00012000000000000205,1
383,B000044,P0001,Mix/Heat,0,3115,0.24,1.2,0.12024,0.0,6.0,0.11975999999999999,1
384,B000044,P0001,MixOpr,22565422737,3111,0.12,1.2,0.12024,0.0,0.0,-0.0002400000000000041,1
385,B000044,P0001,Trim/Cut,0,3118,0.04,0.2,0.02004,0.0,6.0,0.019960000000000002,1
386,B000044,P0001,TrimOpr,22565422737,3111,0.02,0.2,0.02004,0.0,0.0,-3.999999999999837e-05,1
387,B000045,P0001,Curing,0,3117,0.08,0.4,0.04008,0.0,6.0,0.039920000000000004,1
388,B000045,P0001,Dispense,0,3116,0.12,0.6,0.06012,0.0,6.0,0.059879999999999996,1
389,B000045,P0001,DispOpr,22565422737,3111,0.06,0.6,0.06012,0.0,0.0,-0.00012000000000000205,1
390,B000045,P0001,Mix/Heat,0,3115,0.24,1.2,0.12024,0.0,6.0,0.11975999999999999,1
391,B000045,P0001,MixOpr,22565422737,3111,0.12,1.2,0.12024,0.0,0.0,-0.0002400000000000041,1
392,B000045,P0001,Trim/Cut,0,3118,0.04,0.2,0.02004,0.0,6.0,0.019960000000000002,1
393,B000045,P0001,TrimOpr,22565422737,3111,0.02,0.2,0.02004,0.0,0.0,-3.999999999999837e-05,1
394,B-000045,P9000,Fill/Pack,0,5103,10.666667,0.0,10.666667,0.0,0.0,0.0,1
395,B-000045,P9000,Pasteur,0,5102,10.666667,0.0,10.666667,0.0,0.0,0.0,1
396,B-000045,P9000,Reconst,0,5101,10.666667,0.0,10.666667,0.0,0.0,0.0,1
398,B000046,P0001,Dispense,0,3110,0.04008,0.2,0.02004,0.0,2.0,0.02004,1
399,B000046,P0001,DispOpr,0,3110,0.02004,0.2,0.02004,0.0,0.0,0.0,1
400,B000046,P0001,Mix/Heat,0,3110,0.08016,0.4,0.04008,0.0,2.0,0.04008,1
401,B000046,P0001,MixOpr,0,3110,0.04008,0.4,0.04008,0.0,0.0,0.0,1
403,B000046,P0001,TrimOpr,0,3110,0.00668,0.07,0.00668,0.0,0.0,0.0,1
404,B-000046,P9000,Fill/Pack,0,5103,10.666667,0.0,10.666667,0.0,0.0,0.0,1
405,B-000046,P9000,Pasteur,0,5102,10.666667,0.0,10.666667,0.0,0.0,0.0,1
406,B-000046,P9000,Reconst,0,5101,10.666667,0.0,10.666667,0.0,0.0,0.0,1
413,B000050,P0001,Curing,0,3110,122.76504,204.61,20.46084,0.0,3063.0,102.3042,1
417,B000050,P0001,MixOpr,0,3110,184.14756,613.83,61.38252,0.0,0.0,122.76504,1
419,B000050,P0001,TrimOpr,0,3110,30.69126,102.3,10.23042,0.0,0.0,20.460839999999997,1
421,B000051,P0111,Mix/Heat,0,3115,6.0,30.0,3.0,0.0,3.0,3.0,1
422,B000051,P0111,Trim/Cut,0,3118,6.0,30.0,3.0,0.0,3.0,3.0,1
424,CNMF-000002,D0001,Assembly,22565421016,1122,48.0,1747.2,28.0,0.0,120.0,20.0,1
425,CNMF-000002,D0001,Packing,22565421016,1122,16.0,476.0,8.5,0.0,120.0,7.5,1
426,CNMF-000002,D0001,TestOpr,22565421016,1211,240.0,10400.0,130.0,0.0,120.0,110.0,1
433,CNMF-000004,D0002,Assembly,22565421016,1122,240.0,11120.0,139.0,0.0,150.0,101.0,1
436,P000001,D0002,Assembly,0,1120,50.0,195.0,25.0,0.0,200.0,25.0,1
437,P000001,D0002,Padding,0,1120,100.0,390.0,50.0,0.0,200.0,50.0,1
438,P000001,D0002,Polishing,0,1110,600.0,2400.0,300.0,0.0,200.0,300.0,1
439,P000002,D0002,Assembly,0,1120,50.0,195.0,25.0,0.0,200.0,25.0,1
440,P000002,D0002,Padding,0,1120,100.0,390.0,50.0,0.0,200.0,50.0,1
441,P000003,D0002,Assembly,0,1120,50.0,195.0,25.0,0.0,200.0,25.0,1
442,P000003,D0002,Padding,0,1120,100.0,390.0,50.0,0.0,200.0,50.0,1
443,P000003,D0002,Polishing,0,1110,600.0,2400.0,300.0,0.0,200.0,300.0,1
444,P000004,D0002,Assembly,0,1120,50.0,195.0,25.0,0.0,200.0,25.0,1
445,P000004,D0002,Padding,0,1120,100.0,390.0,50.0,0.0,200.0,50.0,1
446,P000004,D0002,Polishing,0,1110,600.0,2400.0,300.0,0.0,200.0,300.0,1
447,P000005,D0002,Assembly,0,1120,50.0,195.0,25.0,0.0,200.0,25.0,1
448,P000005,D0002,Padding,0,1120,100.0,390.0,50.0,0.0,200.0,50.0,1
449,P000005,D0002,Polishing,0,1110,600.0,2400.0,300.0,0.0,200.0,300.0,1
450,P000006,D0002,Assembly,0,1120,50.0,195.0,25.0,0.0,200.0,25.0,1
451,P000006,D0002,Padding,0,1120,100.0,390.0,50.0,0.0,200.0,50.0,1
452,P000006,D0002,Polishing,0,1110,600.0,2400.0,300.0,0.0,200.0,300.0,1
453,P000007,D0002,Assembly,0,1120,50.0,195.0,25.0,0.0,200.0,25.0,1
454,P000007,D0002,Padding,0,1120,100.0,390.0,50.0,0.0,200.0,50.0,1
455,P000007,D0002,Polishing,0,1110,600.0,2400.0,300.0,0.0,200.0,300.0,1
457,P000008,D0002,Padding,0,1120,40.0,156.0,20.0,0.0,80.0,20.0,1
458,P000008,D0002,Polishing,0,1110,240.0,960.0,120.0,0.0,80.0,120.0,1
459,P000009,D0001,Assembly,0,1210,70.0,273.0,35.0,0.0,175.0,35.0,1
462,P000009,D0001,TestOpr,0,1220,58.333333,233.33,23.333333,0.0,0.0,35.0,1
463,P000009,D0001,Wiring,0,1110,43.75,170.63,21.875,0.0,175.0,21.875,1
469,P000011,D0001,Assembly,22565422729,1121,8.0,31.2,4.0,0.0,20.0,4.0,1
470,P000011,D0001,Packing,22565422734,1222,2.666666,9.33,1.333333,0.0,20.0,1.333333,1
471,P000011,D0001,Testing,0,1225,13.333334,66.67,6.666667,0.0,20.0,6.666667,1
472,P000011,D0001,TestOpr,0,1220,6.666667,26.67,2.666667,0.0,0.0,4.0,1
473,P000011,D0001,Wiring,22565422724,1111,5.0,19.5,2.5,0.0,20.0,2.5,1
474,P000012,D0001,Assembly,0,1120,3.6,14.04,1.8,0.0,9.0,1.8,1
475,P000012,D0001,Packing,0,1220,1.2,4.2,0.6,0.0,9.0,0.6,1
476,P000012,D0001,Testing,0,1220,6.0,30.0,3.0,0.0,9.0,3.0,1
477,P000012,D0001,TestOpr,0,1220,3.0,12.0,1.2,0.0,0.0,1.8,1
479,P000013,D0001,Assembly,0,1120,2.0,7.8,1.0,0.0,5.0,1.0,1
480,P000013,D0001,Packing,0,1220,0.666666,2.33,0.333333,0.0,5.0,0.333333,1
481,P000013,D0001,Testing,0,1310,3.333334,16.67,1.666667,0.0,5.0,1.666667,1
482,P000013,D0001,TestOpr,0,1220,1.666667,6.67,0.666667,0.0,0.0,0.9999999999999999,1
483,P000013,D0001,Wiring,0,1110,1.25,4.88,0.625,0.0,5.0,0.625,1
484,P000014,D0001,Assembly,0,1120,1.6,6.24,0.8,0.0,4.0,0.8,1
485,P000014,D0001,Packing,0,1220,0.533334,1.87,0.266667,0.0,4.0,0.266667,1
486,P000014,D0001,Testing,0,1220,2.666666,13.33,1.333333,0.0,4.0,1.333333,1
487,P000014,D0001,TestOpr,0,1220,1.333333,5.33,0.533333,0.0,0.0,0.8000000000000002,1
488,P000014,D0001,Wiring,0,1110,1.0,3.9,0.5,0.0,4.0,0.5,1
489,P000015,D0001,Assembly,0,1120,4.8,18.72,2.4,0.0,12.0,2.4,1
490,P000015,D0001,Packing,0,1220,1.6,5.6,0.8,0.0,12.0,0.8,1
491,P000015,D0001,Testing,0,1310,8.0,40.0,4.0,0.0,12.0,4.0,1
492,P000015,D0001,TestOpr,0,1220,4.0,16.0,1.6,0.0,0.0,2.4,1
493,P000015,D0001,Wiring,0,1120,3.0,11.7,1.5,0.0,12.0,1.5,1
494,P000016,D0001,Assembly,0,1120,5.6,21.84,2.8,0.0,14.0,2.8,1
495,P000016,D0001,Packing,0,1220,1.866666,6.53,0.933333,0.0,14.0,0.933333,1
496,P000016,D0001,Testing,0,1310,9.333334,46.67,4.666667,0.0,14.0,4.666667,1
497,P000016,D0001,TestOpr,0,1220,4.666667,18.67,1.866667,0.0,0.0,2.8000000000000003,1
498,P000016,D0001,Wiring,0,1110,3.5,13.65,1.75,0.0,14.0,1.75,1
499,P000017,D0001,Assembly,0,1120,5.6,21.84,2.8,0.0,14.0,2.8,1
500,P000017,D0001,Packing,0,1220,1.866666,6.53,0.933333,0.0,14.0,0.933333,1
501,P000017,D0001,Testing,0,1220,9.333334,46.67,4.666667,0.0,14.0,4.666667,1
502,P000017,D0001,TestOpr,0,1220,4.666667,18.67,1.866667,0.0,0.0,2.8000000000000003,1
503,P000017,D0001,Wiring,0,1120,3.5,13.65,1.75,0.0,14.0,1.75,1
504,P000018,D0001,Assembly,0,1120,4.4,17.16,2.2,0.0,11.0,2.2,1
505,P000018,D0001,Packing,0,1220,1.466666,5.13,0.733333,0.0,11.0,0.733333,1
507,P000018,D0001,TestOpr,0,1220,3.666667,14.67,1.466667,0.0,0.0,2.2,1
509,P000019,D0001,Assembly,0,1120,5.6,21.84,2.8,0.0,14.0,2.8,1
510,P000019,D0001,Packing,0,1220,1.866666,6.53,0.933333,0.0,14.0,0.933333,1
511,P000019,D0001,Testing,0,1220,9.333334,46.67,4.666667,0.0,14.0,4.666667,1
512,P000019,D0001,TestOpr,0,1220,4.666667,18.67,1.866667,0.0,0.0,2.8000000000000003,1
513,P000019,D0001,Wiring,0,1120,3.5,13.65,1.75,0.0,14.0,1.75,1
514,P000020,D0001,Assembly,0,1120,6.0,23.4,3.0,0.0,15.0,3.0,1
515,P000020,D0001,Packing,0,1220,2.0,7.0,1.0,0.0,15.0,1.0,1
516,P000020,D0001,Testing,0,1220,10.0,50.0,5.0,0.0,15.0,5.0,1
517,P000020,D0001,TestOpr,0,1220,5.0,20.0,2.0,0.0,0.0,3.0,1
518,P000020,D0001,Wiring,0,1120,3.75,14.63,1.875,0.0,15.0,1.875,1
519,P000021,D0001,Assembly,0,1120,7.2,28.08,3.6,0.0,18.0,3.6,1
520,P000021,D0001,Packing,0,1220,2.4,8.4,1.2,0.0,18.0,1.2,1
521,P000021,D0001,Testing,0,1310,12.0,60.0,6.0,0.0,18.0,6.0,1
522,P000021,D0001,TestOpr,0,1220,6.0,24.0,2.4,0.0,0.0,3.6,1
523,P000021,D0001,Wiring,0,1120,4.5,17.55,2.25,0.0,18.0,2.25,1
524,P000022,D0001,Assembly,0,1120,2.0,7.8,1.0,0.0,5.0,1.0,1
525,P000022,D0001,Packing,0,1220,0.666666,2.33,0.333333,0.0,5.0,0.333333,1
526,P000022,D0001,Testing,0,1220,3.333334,16.67,1.666667,0.0,5.0,1.666667,1
527,P000022,D0001,TestOpr,0,1220,1.666667,6.67,0.666667,0.0,0.0,0.9999999999999999,1
528,P000022,D0001,Wiring,0,1120,1.25,4.88,0.625,0.0,5.0,0.625,1
529,P000023,D0001,Assembly,0,1120,2.0,7.8,1.0,0.0,5.0,1.0,1
530,P000023,D0001,Packing,0,1220,0.666666,2.33,0.333333,0.0,5.0,0.333333,1
531,P000023,D0001,Testing,0,1220,3.333334,16.67,1.666667,0.0,5.0,1.666667,1
532,P000023,D0001,TestOpr,0,1220,1.666667,6.67,0.666667,0.0,0.0,0.9999999999999999,1
533,P000023,D0001,Wiring,0,1120,1.25,4.88,0.625,0.0,5.0,0.625,1
534,P000024,D0001,Assembly,0,1120,2.0,7.8,1.0,0.0,5.0,1.0,1
535,P000024,D0001,Packing,0,1220,0.666666,2.33,0.333333,0.0,5.0,0.333333,1
536,P000024,D0001,Testing,0,1220,3.333334,16.67,1.666667,0.0,5.0,1.666667,1
537,P000024,D0001,TestOpr,0,1220,1.666667,6.67,0.666667,0.0,0.0,0.9999999999999999,1
538,P000024,D0001,Wiring,0,1120,1.25,4.88,0.625,0.0,5.0,0.625,1
539,P000025,D0001,Assembly,0,1120,2.0,7.8,1.0,0.0,5.0,1.0,1
540,P000025,D0001,Packing,0,1220,0.666666,2.33,0.333333,0.0,5.0,0.333333,1
541,P000025,D0001,Testing,0,1310,3.333334,16.67,1.666667,0.0,5.0,1.666667,1
542,P000025,D0001,TestOpr,0,1220,1.666667,6.67,0.666667,0.0,0.0,0.9999999999999999,1
543,P000025,D0001,Wiring,0,1120,1.25,4.88,0.625,0.0,5.0,0.625,1
544,P000026,D0001,Assembly,0,1120,2.0,7.8,1.0,0.0,5.0,1.0,1
545,P000026,D0001,Packing,0,1220,0.666666,2.33,0.333333,0.0,5.0,0.333333,1
546,P000026,D0001,Testing,0,1220,3.333334,16.67,1.666667,0.0,5.0,1.666667,1
547,P000026,D0001,TestOpr,0,1220,1.666667,6.67,0.666667,0.0,0.0,0.9999999999999999,1
548,P000026,D0001,Wiring,0,1120,1.25,4.88,0.625,0.0,5.0,0.625,1
549,P000027,D0001,Assembly,0,1120,2.0,7.8,1.0,0.0,5.0,1.0,1
550,P000027,D0001,Packing,0,1220,0.666666,2.33,0.333333,0.0,5.0,0.333333,1
551,P000027,D0001,Testing,0,1220,3.333334,16.67,1.666667,0.0,5.0,1.666667,1
552,P000027,D0001,TestOpr,0,1220,1.666667,6.67,0.666667,0.0,0.0,0.9999999999999999,1
553,P000027,D0001,Wiring,0,1120,1.25,4.88,0.625,0.0,5.0,0.625,1
554,P000028,D0001,Assembly,0,1120,2.8,10.92,1.4,0.0,7.0,1.4,1
555,P000028,D0001,Packing,0,1220,0.933334,3.27,0.466667,0.0,7.0,0.466667,1
556,P000028,D0001,Testing,0,1220,4.666666,23.33,2.333333,0.0,7.0,2.333333,1
557,P000028,D0001,TestOpr,0,1220,2.333333,9.33,0.933333,0.0,0.0,1.4000000000000001,1
558,P000028,D0001,Wiring,0,1120,1.75,6.83,0.875,0.0,7.0,0.875,1
559,P000029,D0001,Assembly,0,1120,2.0,7.8,1.0,0.0,5.0,1.0,1
560,P000029,D0001,Packing,0,1220,0.666666,2.33,0.333333,0.0,5.0,0.333333,1
561,P000029,D0001,Testing,0,1220,3.333334,16.67,1.666667,0.0,5.0,1.666667,1
562,P000029,D0001,TestOpr,0,1220,1.666667,6.67,0.666667,0.0,0.0,0.9999999999999999,1
563,P000029,D0001,Wiring,0,1120,1.25,4.88,0.625,0.0,5.0,0.625,1
564,P000030,D0001,Assembly,0,1120,2.0,7.8,1.0,0.0,5.0,1.0,1
565,P000030,D0001,Packing,0,1220,0.666666,2.33,0.333333,0.0,5.0,0.333333,1
566,P000030,D0001,Testing,0,1220,3.333334,16.67,1.666667,0.0,5.0,1.666667,1
567,P000030,D0001,TestOpr,0,1220,1.666667,6.67,0.666667,0.0,0.0,0.9999999999999999,1
568,P000030,D0001,Wiring,0,1120,1.25,4.88,0.625,0.0,5.0,0.625,1
569,P000031,D0001,Assembly,0,1120,2.0,7.8,1.0,0.0,5.0,1.0,1
570,P000031,D0001,Packing,0,1220,0.666666,2.33,0.333333,0.0,5.0,0.333333,1
571,P000031,D0001,Testing,0,1220,3.333334,16.67,1.666667,0.0,5.0,1.666667,1
572,P000031,D0001,TestOpr,0,1220,1.666667,6.67,0.666667,0.0,0.0,0.9999999999999999,1
573,P000031,D0001,Wiring,0,1120,1.25,4.88,0.625,0.0,5.0,0.625,1
574,P000032,D0001,Assembly,0,1120,1.6,6.24,0.8,0.0,4.0,0.8,1
575,P000032,D0001,Packing,0,1220,0.533334,1.87,0.266667,0.0,4.0,0.266667,1
576,P000032,D0001,Testing,0,1220,2.666666,13.33,1.333333,0.0,4.0,1.333333,1
577,P000032,D0001,TestOpr,0,1220,1.333333,5.33,0.533333,0.0,0.0,0.8000000000000002,1
578,P000032,D0001,Wiring,0,1120,1.0,3.9,0.5,0.0,4.0,0.5,1
579,P000033,D0001,Assembly,0,1120,0.8,3.12,0.4,0.0,2.0,0.4,1
580,P000033,D0001,Packing,0,1220,0.266666,0.93,0.133333,0.0,2.0,0.133333,1
581,P000033,D0001,Testing,0,1220,1.333334,6.67,0.666667,0.0,2.0,0.666667,1
582,P000033,D0001,TestOpr,0,1220,0.666667,2.67,0.266667,0.0,0.0,0.4,1
583,P000033,D0001,Wiring,0,1120,0.5,1.95,0.25,0.0,2.0,0.25,1
584,P000034,D0001,Assembly,0,1120,0.8,3.12,0.4,0.0,2.0,0.4,1
585,P000034,D0001,Packing,0,1220,0.266666,0.93,0.133333,0.0,2.0,0.133333,1
586,P000034,D0001,Testing,0,1220,1.333334,6.67,0.666667,0.0,2.0,0.666667,1
587,P000034,D0001,TestOpr,0,1220,0.666667,2.67,0.266667,0.0,0.0,0.4,1
588,P000034,D0001,Wiring,0,1120,0.5,1.95,0.25,0.0,2.0,0.25,1
590,P000035,D0003,Packing,0,1220,2.8,9.8,1.4,0.0,21.0,1.4,1
591,P000035,D0003,Testing,0,1220,8.4,42.0,4.2,0.0,21.0,4.2,1
592,P000035,D0003,TestOpr,0,1220,4.2,16.8,1.68,0.0,0.0,2.5200000000000005,1
593,P000036,D0003,Assembly,0,1210,8.0,31.2,4.0,0.0,16.0,4.0,1
594,P000036,D0003,Packing,0,1220,2.133334,7.47,1.066667,0.0,16.0,1.066667,1
595,P000036,D0003,Testing,0,1220,6.4,32.0,3.2,0.0,16.0,3.2,1
597,P000037,D0003,Assembly,0,1210,3.5,13.65,1.75,0.0,7.0,1.75,1
598,P000037,D0003,Packing,0,1220,0.933334,3.27,0.466667,0.0,7.0,0.466667,1
599,P000037,D0003,Testing,0,1220,2.8,14.0,1.4,0.0,7.0,1.4,1
600,P000037,D0003,TestOpr,0,1220,1.4,5.6,0.56,0.0,0.0,0.8399999999999999,1
601,P000038,D0003,Assembly,0,1210,2.5,9.75,1.25,0.0,5.0,1.25,1
602,P000038,D0003,Packing,0,1220,0.666666,2.33,0.333333,0.0,5.0,0.333333,1
603,P000038,D0003,Testing,0,1220,2.0,10.0,1.0,0.0,5.0,1.0,1
604,P000038,D0003,TestOpr,0,1220,1.0,4.0,0.4,0.0,0.0,0.6,1
605,P000039,D0003,Assembly,0,1210,2.5,9.75,1.25,0.0,5.0,1.25,1
606,P000039,D0003,Packing,0,1220,0.666666,2.33,0.333333,0.0,5.0,0.333333,1
607,P000039,D0003,Testing,0,1220,2.0,10.0,1.0,0.0,5.0,1.0,1
608,P000039,D0003,TestOpr,0,1220,1.0,4.0,0.4,0.0,0.0,0.6,1
611,P000040,D0003,Testing,0,1220,9.2,46.0,4.6,0.0,23.0,4.6,1
613,P000041,D0003,Assembly,0,1210,8.0,31.2,4.0,0.0,16.0,4.0,1
614,P000041,D0003,Packing,0,1220,2.133334,7.47,1.066667,0.0,16.0,1.066667,1
615,P000041,D0003,Testing,0,1220,6.4,32.0,3.2,0.0,16.0,3.2,1
619,P000042,D0003,Testing,0,1220,9.2,46.0,4.6,0.0,23.0,4.6,1
621,P000043,D0003,Assembly,0,1210,9.0,35.1,4.5,0.0,18.0,4.5,1
622,P000043,D0003,Packing,0,1220,2.4,8.4,1.2,0.0,18.0,1.2,1
623,P000043,D0003,Testing,0,1220,7.2,36.0,3.6,0.0,18.0,3.6,1
624,P000043,D0003,TestOpr,0,1220,3.6,14.4,1.44,0.0,0.0,2.16,1
625,P000044,D0003,Assembly,0,1210,6.0,23.4,3.0,0.0,12.0,3.0,1
626,P000044,D0003,Packing,0,1220,1.6,5.6,0.8,0.0,12.0,0.8,1
627,P000044,D0003,Testing,0,1220,4.8,24.0,2.4,0.0,12.0,2.4,1
629,P000045,D0003,Assembly,0,1210,8.0,31.2,4.0,0.0,16.0,4.0,1
630,P000045,D0003,Packing,0,1220,2.133334,7.47,1.066667,0.0,16.0,1.066667,1
631,P000045,D0003,Testing,0,1220,6.4,32.0,3.2,0.0,16.0,3.2,1
633,P000046,D0003,Assembly,0,1210,2.5,9.75,1.25,0.0,5.0,1.25,1
634,P000046,D0003,Packing,0,1220,0.666666,2.33,0.333333,0.0,5.0,0.333333,1
635,P000046,D0003,Testing,0,1220,2.0,10.0,1.0,0.0,5.0,1.0,1
636,P000046,D0003,TestOpr,0,1220,1.0,4.0,0.4,0.0,0.0,0.6,1
637,P000047,D0003,Assembly,0,1210,2.5,9.75,1.25,0.0,5.0,1.25,1
638,P000047,D0003,Packing,0,1220,0.666666,2.33,0.333333,0.0,5.0,0.333333,1
639,P000047,D0003,Testing,0,1220,2.0,10.0,1.0,0.0,5.0,1.0,1
640,P000047,D0003,TestOpr,0,1220,1.0,4.0,0.4,0.0,0.0,0.6,1
641,P000048,D0003,Assembly,0,1210,2.5,9.75,1.25,0.0,5.0,1.25,1
642,P000048,D0003,Packing,0,1220,0.666666,2.33,0.333333,0.0,5.0,0.333333,1
643,P000048,D0003,Testing,0,1220,2.0,10.0,1.0,0.0,5.0,1.0,1
644,P000048,D0003,TestOpr,0,1220,1.0,4.0,0.4,0.0,0.0,0.6,1
645,P000049,D0003,Assembly,0,1210,2.5,9.75,1.25,0.0,5.0,1.25,1
646,P000049,D0003,Packing,0,1220,0.666666,2.33,0.333333,0.0,5.0,0.333333,1
647,P000049,D0003,Testing,0,1220,2.0,10.0,1.0,0.0,5.0,1.0,1
648,P000049,D0003,TestOpr,0,1220,1.0,4.0,0.4,0.0,0.0,0.6,1
649,P000050,D0003,Assembly,0,1210,2.5,9.75,1.25,0.0,5.0,1.25,1
650,P000050,D0003,Packing,0,1220,0.666666,2.33,0.333333,0.0,5.0,0.333333,1
651,P000050,D0003,Testing,0,1220,2.0,10.0,1.0,0.0,5.0,1.0,1
652,P000050,D0003,TestOpr,0,1220,1.0,4.0,0.4,0.0,0.0,0.6,1
653,P000051,D0003,Assembly,0,1210,2.5,9.75,1.25,0.0,5.0,1.25,1
654,P000051,D0003,Packing,0,1220,0.666666,2.33,0.333333,0.0,5.0,0.333333,1
655,P000051,D0003,Testing,0,1220,2.0,10.0,1.0,0.0,5.0,1.0,1
656,P000051,D0003,TestOpr,0,1220,1.0,4.0,0.4,0.0,0.0,0.6,1
657,P000052,D0003,Assembly,0,1210,2.5,9.75,1.25,0.0,5.0,1.25,1
658,P000052,D0003,Packing,0,1220,0.666666,2.33,0.333333,0.0,5.0,0.333333,1
659,P000052,D0003,Testing,0,1220,2.0,10.0,1.0,0.0,5.0,1.0,1
660,P000052,D0003,TestOpr,0,1220,1.0,4.0,0.4,0.0,0.0,0.6,1
661,P000053,D0003,Assembly,0,1210,2.5,9.75,1.25,0.0,5.0,1.25,1
662,P000053,D0003,Packing,0,1220,0.666666,2.33,0.333333,0.0,5.0,0.333333,1
663,P000053,D0003,Testing,0,1220,2.0,10.0,1.0,0.0,5.0,1.0,1
664,P000053,D0003,TestOpr,0,1220,1.0,4.0,0.4,0.0,0.0,0.6,1
665,P000054,D0003,Assembly,0,1210,3.0,11.7,1.5,0.0,6.0,1.5,1
666,P000054,D0003,Packing,0,1220,0.8,2.8,0.4,0.0,6.0,0.4,1
667,P000054,D0003,Testing,0,1220,2.4,12.0,1.2,0.0,6.0,1.2,1
668,P000054,D0003,TestOpr,0,1220,1.2,4.8,0.48,0.0,0.0,0.72,1
669,P000055,D0003,Assembly,0,1210,3.0,11.7,1.5,0.0,6.0,1.5,1
670,P000055,D0003,Packing,0,1220,0.8,2.8,0.4,0.0,6.0,0.4,1
671,P000055,D0003,Testing,0,1220,2.4,12.0,1.2,0.0,6.0,1.2,1
672,P000055,D0003,TestOpr,0,1220,1.2,4.8,0.48,0.0,0.0,0.72,1
673,P000056,D0003,Assembly,0,1210,3.0,11.7,1.5,0.0,6.0,1.5,1
674,P000056,D0003,Packing,0,1220,0.8,2.8,0.4,0.0,6.0,0.4,1
675,P000056,D0003,Testing,0,1220,2.4,12.0,1.2,0.0,6.0,1.2,1
676,P000056,D0003,TestOpr,0,1220,1.2,4.8,0.48,0.0,0.0,0.72,1
677,P000057,D0003,Assembly,0,1210,1.0,3.9,0.5,0.0,2.0,0.5,1
678,P000057,D0003,Packing,0,1220,0.266666,0.93,0.133333,0.0,2.0,0.133333,1
679,P000057,D0003,Testing,0,1220,0.8,4.0,0.4,0.0,2.0,0.4,1
680,P000057,D0003,TestOpr,0,1220,0.4,1.6,0.16,0.0,0.0,0.24000000000000002,1
681,P000058,D0003,Assembly,0,1210,1.0,3.9,0.5,0.0,2.0,0.5,1
682,P000058,D0003,Packing,0,1220,0.266666,0.93,0.133333,0.0,2.0,0.133333,1
683,P000058,D0003,Testing,0,1220,0.8,4.0,0.4,0.0,2.0,0.4,1
684,P000058,D0003,TestOpr,0,1220,0.4,1.6,0.16,0.0,0.0,0.24000000000000002,1
685,P000059,D0003,Assembly,0,1210,81.5,317.85,40.75,0.0,163.0,40.75,1
687,P000059,D0003,Testing,0,1220,65.2,326.0,32.6,0.0,163.0,32.6,1
688,P000059,D0003,TestOpr,0,1220,32.6,130.4,13.04,0.0,0.0,19.560000000000002,1
689,P000060,D0004,Assembly,0,1310,8.0,31.2,4.0,0.0,4.0,4.0,1
690,P000060,D0004,Finishing,0,1310,8.0,32.0,4.0,0.0,4.0,4.0,1
691,P000060,D0004,Packing,0,1310,8.0,28.0,4.0,0.0,4.0,4.0,1
692,P000060,D0004,Testing,0,1310,8.0,40.0,4.0,0.0,4.0,4.0,1
693,P000061,D0004,Assembly,0,1310,8.0,31.2,4.0,0.0,4.0,4.0,1
694,P000061,D0004,Finishing,0,1310,8.0,32.0,4.0,0.0,4.0,4.0,1
695,P000061,D0004,Packing,0,1310,8.0,28.0,4.0,0.0,4.0,4.0,1
696,P000061,D0004,Testing,0,1310,8.0,40.0,4.0,0.0,4.0,4.0,1
697,P000062,D0004,Assembly,0,1310,46.0,179.4,23.0,0.0,23.0,23.0,1
698,P000062,D0004,Finishing,0,1310,46.0,184.0,23.0,0.0,23.0,23.0,1
699,P000062,D0004,Packing,0,1310,46.0,161.0,23.0,0.0,23.0,23.0,1
700,P000062,D0004,Testing,0,1310,46.0,230.0,23.0,0.0,23.0,23.0,1
701,P000063,D0004,Assembly,0,1310,36.0,140.4,18.0,0.0,18.0,18.0,1
702,P000063,D0004,Finishing,0,1310,36.0,144.0,18.0,0.0,18.0,18.0,1
703,P000063,D0004,Packing,0,1310,36.0,126.0,18.0,0.0,18.0,18.0,1
704,P000063,D0004,Testing,0,1310,36.0,180.0,18.0,0.0,18.0,18.0,1
705,P000064,D0004,Assembly,0,1310,24.0,93.6,12.0,0.0,12.0,12.0,1
706,P000064,D0004,Finishing,0,1310,24.0,96.0,12.0,0.0,12.0,12.0,1
707,P000064,D0004,Packing,0,1310,24.0,84.0,12.0,0.0,12.0,12.0,1
708,P000064,D0004,Testing,0,1310,24.0,120.0,12.0,0.0,12.0,12.0,1
709,P000065,D0004,Assembly,0,1310,24.0,93.6,12.0,0.0,12.0,12.0,1
710,P000065,D0004,Finishing,0,1310,24.0,96.0,12.0,0.0,12.0,12.0,1
711,P000065,D0004,Packing,0,1310,24.0,84.0,12.0,0.0,12.0,12.0,1
712,P000065,D0004,Testing,0,1310,24.0,120.0,12.0,0.0,12.0,12.0,1
713,P000066,D0004,Assembly,0,1310,24.0,93.6,12.0,0.0,12.0,12.0,1
714,P000066,D0004,Finishing,0,1310,24.0,96.0,12.0,0.0,12.0,12.0,1
715,P000066,D0004,Packing,0,1310,24.0,84.0,12.0,0.0,12.0,12.0,1
716,P000066,D0004,Testing,0,1310,24.0,120.0,12.0,0.0,12.0,12.0,1
717,P000067,D0004,Assembly,0,1310,36.0,140.4,18.0,0.0,18.0,18.0,1
718,P000067,D0004,Finishing,0,1310,36.0,144.0,18.0,0.0,18.0,18.0,1
719,P000067,D0004,Packing,0,1310,36.0,126.0,18.0,0.0,18.0,18.0,1
720,P000067,D0004,Testing,0,1310,36.0,180.0,18.0,0.0,18.0,18.0,1
721,P000068,D0004,Assembly,0,1310,12.0,46.8,6.0,0.0,6.0,6.0,1
722,P000068,D0004,Finishing,0,1310,12.0,48.0,6.0,0.0,6.0,6.0,1
723,P000068,D0004,Packing,0,1310,12.0,42.0,6.0,0.0,6.0,6.0,1
724,P000068,D0004,Testing,0,1310,12.0,60.0,6.0,0.0,6.0,6.0,1
725,P000069,D0004,Assembly,0,1310,8.0,31.2,4.0,0.0,4.0,4.0,1
726,P000069,D0004,Finishing,0,1310,8.0,32.0,4.0,0.0,4.0,4.0,1
727,P000069,D0004,Packing,0,1310,8.0,28.0,4.0,0.0,4.0,4.0,1
728,P000069,D0004,Testing,0,1310,8.0,40.0,4.0,0.0,4.0,4.0,1
729,P000070,D0004,Assembly,0,1310,8.0,31.2,4.0,0.0,4.0,4.0,1
730,P000070,D0004,Finishing,0,1310,8.0,32.0,4.0,0.0,4.0,4.0,1
731,P000070,D0004,Packing,0,1310,8.0,28.0,4.0,0.0,4.0,4.0,1
732,P000070,D0004,Testing,0,1310,8.0,40.0,4.0,0.0,4.0,4.0,1
733,P000071,D0004,Assembly,0,1310,8.0,31.2,4.0,0.0,4.0,4.0,1
734,P000071,D0004,Finishing,0,1310,8.0,32.0,4.0,0.0,4.0,4.0,1
735,P000071,D0004,Packing,0,1310,8.0,28.0,4.0,0.0,4.0,4.0,1
736,P000071,D0004,Testing,0,1310,8.0,40.0,4.0,0.0,4.0,4.0,1
737,P000072,D0004,Assembly,0,1310,14.0,54.6,7.0,0.0,7.0,7.0,1
738,P000072,D0004,Finishing,0,1310,14.0,56.0,7.0,0.0,7.0,7.0,1
739,P000072,D0004,Packing,0,1310,14.0,49.0,7.0,0.0,7.0,7.0,1
740,P000072,D0004,Testing,0,1310,14.0,70.0,7.0,0.0,7.0,7.0,1
741,P000073,D0004,Assembly,0,1310,12.0,46.8,6.0,0.0,6.0,6.0,1
742,P000073,D0004,Finishing,0,1310,12.0,48.0,6.0,0.0,6.0,6.0,1
743,P000073,D0004,Packing,0,1310,12.0,42.0,6.0,0.0,6.0,6.0,1
744,P000073,D0004,Testing,0,1310,12.0,60.0,6.0,0.0,6.0,6.0,1
745,P000074,D0004,Assembly,0,1310,12.0,46.8,6.0,0.0,6.0,6.0,1
746,P000074,D0004,Finishing,0,1310,12.0,48.0,6.0,0.0,6.0,6.0,1
747,P000074,D0004,Packing,0,1310,12.0,42.0,6.0,0.0,6.0,6.0,1
748,P000074,D0004,Testing,0,1310,12.0,60.0,6.0,0.0,6.0,6.0,1
749,P000075,D0004,Assembly,0,1310,8.0,31.2,4.0,0.0,4.0,4.0,1
750,P000075,D0004,Finishing,0,1310,8.0,32.0,4.0,0.0,4.0,4.0,1
751,P000075,D0004,Packing,0,1310,8.0,28.0,4.0,0.0,4.0,4.0,1
752,P000075,D0004,Testing,0,1310,8.0,40.0,4.0,0.0,4.0,4.0,1
753,P000076,D0004,Assembly,0,1310,8.0,31.2,4.0,0.0,4.0,4.0,1
754,P000076,D0004,Finishing,0,1310,8.0,32.0,4.0,0.0,4.0,4.0,1
755,P000076,D0004,Packing,0,1310,8.0,28.0,4.0,0.0,4.0,4.0,1
756,P000076,D0004,Testing,0,1310,8.0,40.0,4.0,0.0,4.0,4.0,1
757,P000077,D0004,Assembly,0,1310,8.0,31.2,4.0,0.0,4.0,4.0,1
758,P000077,D0004,Finishing,0,1310,8.0,32.0,4.0,0.0,4.0,4.0,1
759,P000077,D0004,Packing,0,1310,8.0,28.0,4.0,0.0,4.0,4.0,1
760,P000077,D0004,Testing,0,1310,8.0,40.0,4.0,0.0,4.0,4.0,1
761,P000078,D0004,Assembly,0,1310,4.0,15.6,2.0,0.0,2.0,2.0,1
762,P000078,D0004,Finishing,0,1310,4.0,16.0,2.0,0.0,2.0,2.0,1
763,P000078,D0004,Packing,0,1310,4.0,14.0,2.0,0.0,2.0,2.0,1
764,P000078,D0004,Testing,0,1310,4.0,20.0,2.0,0.0,2.0,2.0,1
765,P000079,D0005,Packing,22565422738,4111,0.0,0.0,0.0,0.0,303.0,0.0,1
766,P000080,D0005,Packing,22565422738,4111,0.0,0.0,0.0,0.0,114.0,0.0,1
767,P000081,D0005,Packing,22565422738,4111,0.0,0.0,0.0,0.0,49.0,0.0,1
768,P000082,D0001,Assembly,22565422729,1122,4.0,15.6,2.0,0.0,10.0,2.0,1
769,P000082,D0001,Packing,22565422736,1312,1.333334,4.67,0.666667,0.0,10.0,0.666667,1
770,P000082,D0001,Testing,0,1225,6.666112,33.33,3.333333,0.0,10.0,3.332779,1
772,P000082,D0001,Wiring,22565422725,1112,2.5,9.75,1.25,0.0,10.0,1.25,1
773,P000083,D0001,Assembly,22565422731,1211,2.0,7.8,1.0,0.0,5.0,1.0,1
774,P000083,D0001,Packing,22565422736,1312,0.666112,2.33,0.333333,0.0,5.0,0.33277900000000005,1
775,P000083,D0001,Testing,0,1225,3.333334,16.67,1.666667,0.0,5.0,1.666667,1
776,P000083,D0001,TestOpr,22565422733,1221,1.666667,6.67,0.666667,0.0,0.0,0.9999999999999999,1
777,P000083,D0001,Wiring,22565422725,1112,1.25,4.88,0.625,0.0,5.0,0.625,1
778,P000084,D0001,Assembly,22565422729,1121,1.6,6.24,0.8,0.0,4.0,0.8,1
779,P000084,D0001,Packing,22565422736,1312,0.533334,1.87,0.266667,0.0,4.0,0.266667,1
780,P000084,D0001,Testing,0,1225,2.666112,13.33,1.333333,0.0,4.0,1.332779,1
782,P000084,D0001,Wiring,22565422724,1111,1.0,3.9,0.5,0.0,4.0,0.5,1
783,P000085,D0001,Assembly,22565422729,1121,6.0,23.4,3.0,0.0,15.0,3.0,1
784,P000085,D0001,Packing,22565422734,1222,2.0,7.0,1.0,0.0,15.0,1.0,1
785,P000085,D0001,Testing,0,1226,10.0,50.0,5.0,0.0,15.0,5.0,1
786,P000085,D0001,TestOpr,22565422733,1221,5.0,20.0,2.0,0.0,0.0,3.0,1
787,P000085,D0001,Wiring,22565422724,1111,3.75,14.63,1.875,0.0,15.0,1.875,1
788,P000086,D0001,Assembly,22565422729,1122,6.0,23.4,3.0,0.0,15.0,3.0,1
789,P000086,D0001,Packing,22565422734,1222,2.0,7.0,1.0,0.0,15.0,1.0,1
790,P000086,D0001,Testing,0,1225,10.0,50.0,5.0,0.0,15.0,5.0,1
791,P000086,D0001,TestOpr,22565422733,1221,5.0,20.0,2.0,0.0,0.0,3.0,1
792,P000086,D0001,Wiring,22565422724,1111,3.75,14.63,1.875,0.0,15.0,1.875,1
793,P000087,D0001,Assembly,22565422729,1121,4.4,17.16,2.2,0.0,11.0,2.2,1
794,P000087,D0001,Packing,22565422734,1222,1.466112,5.13,0.733333,0.0,11.0,0.7327790000000001,1
796,P000087,D0001,TestOpr,22565422733,1221,3.666667,14.67,1.466667,0.0,0.0,2.2,1
798,P000088,D0001,Assembly,22565422731,1211,6.0,23.4,3.0,0.0,15.0,3.0,1
799,P000088,D0001,Packing,22565422736,1312,2.0,7.0,1.0,0.0,15.0,1.0,1
800,P000088,D0001,Testing,0,1315,10.0,50.0,5.0,0.0,15.0,5.0,1
801,P000088,D0001,TestOpr,22565422736,1312,5.0,20.0,2.0,0.0,0.0,3.0,1
802,P000088,D0001,Wiring,22565422726,1113,3.75,14.63,1.875,0.0,15.0,1.875,1
803,P000089,D0001,Assembly,22565422729,1122,6.4,24.96,3.2,0.0,16.0,3.2,1
804,P000089,D0001,Packing,22565422736,1312,2.133334,7.47,1.066667,0.0,16.0,1.066667,1
806,P000089,D0001,TestOpr,22565422733,1221,5.333056,21.33,2.133333,0.0,0.0,3.199723,1
807,P000089,D0001,Wiring,22565422725,1112,4.0,15.6,2.0,0.0,16.0,2.0,1
808,P000090,D0001,Assembly,22565422729,1121,7.2,28.08,3.6,0.0,18.0,3.6,1
809,P000090,D0001,Packing,22565422734,1222,2.4,8.4,1.2,0.0,18.0,1.2,1
810,P000090,D0001,Testing,0,1226,12.0,60.0,6.0,0.0,18.0,6.0,1
811,P000090,D0001,TestOpr,22565422733,1221,6.0,24.0,2.4,0.0,0.0,3.6,1
812,P000090,D0001,Wiring,22565422724,1111,4.5,17.55,2.25,0.0,18.0,2.25,1
813,P000091,D0001,Assembly,22565422729,1121,2.0,7.8,1.0,0.0,5.0,1.0,1
814,P000091,D0001,Packing,22565422736,1312,0.666112,2.33,0.333333,0.0,5.0,0.33277900000000005,1
815,P000091,D0001,Testing,0,1315,3.333334,16.67,1.666667,0.0,5.0,1.666667,1
816,P000091,D0001,TestOpr,22565422736,1312,1.666667,6.67,0.666667,0.0,0.0,0.9999999999999999,1
817,P000091,D0001,Wiring,22565422724,1111,1.25,4.88,0.625,0.0,5.0,0.625,1
818,P000092,D0001,Assembly,22565422729,1121,2.0,7.8,1.0,0.0,5.0,1.0,1
819,P000092,D0001,Packing,22565422736,1312,0.666112,2.33,0.333333,0.0,5.0,0.33277900000000005,1
820,P000092,D0001,Testing,0,1315,3.333334,16.67,1.666667,0.0,5.0,1.666667,1
821,P000092,D0001,TestOpr,22565422736,1312,1.666667,6.67,0.666667,0.0,0.0,0.9999999999999999,1
822,P000092,D0001,Wiring,22565422724,1111,1.25,4.88,0.625,0.0,5.0,0.625,1
823,P000093,D0001,Assembly,22565422729,1122,2.0,7.8,1.0,0.0,5.0,1.0,1
824,P000093,D0001,Packing,22565422734,1222,0.666112,2.33,0.333333,0.0,5.0,0.33277900000000005,1
825,P000093,D0001,Testing,0,1225,3.333334,16.67,1.666667,0.0,5.0,1.666667,1
826,P000093,D0001,TestOpr,22565422733,1221,1.666667,6.67,0.666667,0.0,0.0,0.9999999999999999,1
827,P000093,D0001,Wiring,22565422725,1112,1.25,4.88,0.625,0.0,5.0,0.625,1
828,P000094,D0001,Assembly,22565422729,1121,2.0,7.8,1.0,0.0,5.0,1.0,1
829,P000094,D0001,Packing,22565422734,1222,0.666112,2.33,0.333333,0.0,5.0,0.33277900000000005,1
830,P000094,D0001,Testing,0,1226,3.333334,16.67,1.666667,0.0,5.0,1.666667,1
831,P000094,D0001,TestOpr,22565422733,1221,1.666667,6.67,0.666667,0.0,0.0,0.9999999999999999,1
832,P000094,D0001,Wiring,22565422724,1111,1.25,4.88,0.625,0.0,5.0,0.625,1
833,P000095,D0001,Assembly,22565422729,1121,2.0,7.8,1.0,0.0,5.0,1.0,1
834,P000095,D0001,Packing,22565422734,1222,0.666112,2.33,0.333333,0.0,5.0,0.33277900000000005,1
835,P000095,D0001,Testing,0,1226,3.333334,16.67,1.666667,0.0,5.0,1.666667,1
836,P000095,D0001,TestOpr,22565422733,1221,1.666667,6.67,0.666667,0.0,0.0,0.9999999999999999,1
837,P000095,D0001,Wiring,22565422724,1111,1.25,4.88,0.625,0.0,5.0,0.625,1
838,P000096,D0001,Assembly,22565422729,1122,2.0,7.8,1.0,0.0,5.0,1.0,1
839,P000096,D0001,Packing,22565422734,1222,0.666112,2.33,0.333333,0.0,5.0,0.33277900000000005,1
840,P000096,D0001,Testing,0,1226,3.333334,16.67,1.666667,0.0,5.0,1.666667,1
841,P000096,D0001,TestOpr,22565422733,1221,1.666667,6.67,0.666667,0.0,0.0,0.9999999999999999,1
842,P000096,D0001,Wiring,22565422724,1111,1.25,4.88,0.625,0.0,5.0,0.625,1
843,P000097,D0001,Assembly,22565422729,1121,2.8,10.92,1.4,0.0,7.0,1.4,1
844,P000097,D0001,Packing,22565422734,1222,0.933334,3.27,0.466667,0.0,7.0,0.466667,1
845,P000097,D0001,Testing,0,1225,4.666112,23.33,2.333333,0.0,7.0,2.332779,1
847,P000097,D0001,Wiring,22565422724,1111,1.75,6.83,0.875,0.0,7.0,0.875,1
848,P000098,D0001,Assembly,22565422729,1122,2.0,7.8,1.0,0.0,5.0,1.0,1
849,P000098,D0001,Packing,22565422734,1222,0.666112,2.33,0.333333,0.0,5.0,0.33277900000000005,1
850,P000098,D0001,Testing,0,1226,3.333334,16.67,1.666667,0.0,5.0,1.666667,1
851,P000098,D0001,TestOpr,22565422733,1221,1.666667,6.67,0.666667,0.0,0.0,0.9999999999999999,1
852,P000098,D0001,Wiring,22565422725,1112,1.25,4.88,0.625,0.0,5.0,0.625,1
853,P000099,D0001,Assembly,22565422729,1121,2.0,7.8,1.0,0.0,5.0,1.0,1
854,P000099,D0001,Packing,22565422734,1222,0.666112,2.33,0.333333,0.0,5.0,0.33277900000000005,1
855,P000099,D0001,Testing,0,1225,3.333334,16.67,1.666667,0.0,5.0,1.666667,1
856,P000099,D0001,TestOpr,22565422733,1221,1.666667,6.67,0.666667,0.0,0.0,0.9999999999999999,1
857,P000099,D0001,Wiring,22565422724,1111,1.25,4.88,0.625,0.0,5.0,0.625,1
858,P000100,D0001,Assembly,22565422729,1122,2.0,7.8,1.0,0.0,5.0,1.0,1
859,P000100,D0001,Packing,22565422734,1222,0.666112,2.33,0.333333,0.0,5.0,0.33277900000000005,1
860,P000100,D0001,Testing,0,1226,3.333334,16.67,1.666667,0.0,5.0,1.666667,1
861,P000100,D0001,TestOpr,22565422733,1221,1.666667,6.67,0.666667,0.0,0.0,0.9999999999999999,1
862,P000100,D0001,Wiring,22565422724,1111,1.25,4.88,0.625,0.0,5.0,0.625,1
863,P000101,D0001,Assembly,22565422729,1121,1.6,6.24,0.8,0.0,4.0,0.8,1
864,P000101,D0001,Packing,22565422734,1222,0.533334,1.87,0.266667,0.0,4.0,0.266667,1
865,P000101,D0001,Testing,0,1225,2.666112,13.33,1.333333,0.0,4.0,1.332779,1
867,P000101,D0001,Wiring,22565422724,1111,1.0,3.9,0.5,0.0,4.0,0.5,1
868,P000102,D0001,Assembly,22565422729,1121,0.8,3.12,0.4,0.0,2.0,0.4,1
869,P000102,D0001,Packing,22565422734,1222,0.266112,0.93,0.133333,0.0,2.0,0.132779,1
870,P000102,D0001,Testing,0,1226,1.333334,6.67,0.666667,0.0,2.0,0.666667,1
871,P000102,D0001,TestOpr,22565422733,1221,0.666667,2.67,0.266667,0.0,0.0,0.4,1
872,P000102,D0001,Wiring,22565422724,1111,0.5,1.95,0.25,0.0,2.0,0.25,1
873,P000103,D0001,Assembly,22565422729,1121,0.8,3.12,0.4,0.0,2.0,0.4,1
874,P000103,D0001,Packing,22565422734,1222,0.266112,0.93,0.133333,0.0,2.0,0.132779,1
875,P000103,D0001,Testing,0,1226,1.333334,6.67,0.666667,0.0,2.0,0.666667,1
876,P000103,D0001,TestOpr,22565422733,1221,0.666667,2.67,0.266667,0.0,0.0,0.4,1
877,P000103,D0001,Wiring,22565422724,1111,0.5,1.95,0.25,0.0,2.0,0.25,1
878,P000104,D0001,Assembly,22565422729,1121,8.4,32.76,4.2,0.0,21.0,4.2,1
879,P000104,D0001,Packing,22565422734,1222,2.8,9.8,1.4,0.0,21.0,1.4,1
880,P000104,D0001,Testing,0,1225,14.0,70.0,7.0,0.0,21.0,7.0,1
881,P000104,D0001,TestOpr,22565422733,1221,7.0,28.0,2.8,0.0,0.0,4.2,1
883,P000105,D0001,Assembly,22565422729,1121,4.8,18.72,2.4,0.0,12.0,2.4,1
884,P000105,D0001,Packing,22565422734,1222,1.6,5.6,0.8,0.0,12.0,0.8,1
885,P000105,D0001,Testing,0,1226,8.0,40.0,4.0,0.0,12.0,4.0,1
886,P000105,D0001,TestOpr,22565422733,1221,4.0,16.0,1.6,0.0,0.0,2.4,1
887,P000105,D0001,Wiring,22565422724,1111,3.0,11.7,1.5,0.0,12.0,1.5,1
888,P000107,D0001,Assembly,22565422729,1121,73.6,287.04,36.8,0.0,184.0,36.8,1
891,P000107,D0001,TestOpr,22565422736,1312,61.333056,245.33,24.533333,0.0,0.0,36.799723,1
892,P000107,D0001,Wiring,22565422724,1111,46.0,179.4,23.0,0.0,184.0,23.0,1
893,P000108,D0003,Assembly,22565422732,1212,3.5,13.65,1.75,0.0,7.0,1.75,1
894,P000108,D0003,Packing,22565422734,1222,0.933334,4.48,0.64,1.0,6.0,0.293334,1
895,P000108,D0003,Testing,0,1225,2.8,14.0,1.4,0.0,7.0,1.4,1
896,P000108,D0003,TestOpr,22565422733,1221,1.4,5.6,0.56,0.0,0.0,0.8399999999999999,1
897,P000109,D0003,Assembly,22565422732,1212,2.5,9.75,1.25,0.0,5.0,1.25,1
898,P000109,D0003,Packing,22565422734,1222,0.666112,2.33,0.333333,0.0,5.0,0.33277900000000005,1
899,P000109,D0003,Testing,0,1225,2.0,10.0,1.0,0.0,5.0,1.0,1
900,P000109,D0003,TestOpr,22565422733,1221,1.0,4.0,0.4,0.0,0.0,0.6,1
901,P000110,D0003,Assembly,22565422731,1211,2.5,9.75,1.25,0.0,5.0,1.25,1
902,P000110,D0003,Packing,22565422734,1222,0.666112,2.33,0.333333,0.0,5.0,0.33277900000000005,1
903,P000110,D0003,Testing,0,1225,2.0,10.0,1.0,0.0,5.0,1.0,1
904,P000110,D0003,TestOpr,22565422733,1221,1.0,4.0,0.4,0.0,0.0,0.6,1
905,P000111,D0003,Assembly,22565422731,1211,8.5,33.15,4.25,0.0,17.0,4.25,1
907,P000111,D0003,Testing,0,1226,6.8,34.0,3.4,0.0,17.0,3.4,1
910,P000112,D0003,Packing,22565422734,1222,3.333334,11.67,1.666667,0.0,25.0,1.666667,1
911,P000112,D0003,Testing,0,1225,10.0,50.0,5.0,0.0,25.0,5.0,1
912,P000112,D0003,TestOpr,22565422733,1221,5.0,20.0,2.0,0.0,0.0,3.0,1
913,P000113,D0003,Assembly,22565422731,1211,9.0,35.1,4.5,0.0,18.0,4.5,1
914,P000113,D0003,Packing,22565422734,1222,2.4,8.4,1.2,0.0,18.0,1.2,1
915,P000113,D0003,Testing,0,1226,7.2,36.0,3.6,0.0,18.0,3.6,1
916,P000113,D0003,TestOpr,22565422733,1221,3.6,14.4,1.44,0.0,0.0,2.16,1
917,P000114,D0003,Assembly,22565422732,1212,6.0,23.4,3.0,0.0,12.0,3.0,1
918,P000114,D0003,Packing,22565422734,1222,1.6,5.6,0.8,0.0,12.0,0.8,1
919,P000114,D0003,Testing,0,1226,4.8,24.0,2.4,0.0,12.0,2.4,1
921,P000115,D0003,Assembly,22565422732,1212,8.5,33.15,4.25,0.0,17.0,4.25,1
923,P000115,D0003,Testing,0,1225,6.8,34.0,3.4,0.0,17.0,3.4,1
925,P000116,D0003,Assembly,22565422731,1211,1.25,9.75,1.25,0.0,0.0,0.0,1
926,P000116,D0003,Assembly,22565422732,1212,2.5,13.65,1.75,0.0,6.0,0.75,1
928,P000116,D0003,Testing,0,1225,2.0,12.0,1.2,1.0,0.0,0.8,1
929,P000116,D0003,Testing,0,1226,2.0,15.0,1.5,1.0,5.0,0.5,1
930,P000116,D0003,TestOpr,22565422733,1221,2.0,11.0,1.1,0.0,0.0,0.8999999999999999,1
931,P000117,D0003,Assembly,22565422731,1211,2.5,9.75,1.25,0.0,5.0,1.25,1
932,P000117,D0003,Packing,22565422734,1222,0.666112,2.33,0.333333,0.0,5.0,0.33277900000000005,1
933,P000117,D0003,Testing,0,1225,2.0,10.0,1.0,0.0,5.0,1.0,1
934,P000117,D0003,TestOpr,22565422733,1221,1.0,4.0,0.4,0.0,0.0,0.6,1
935,P000118,D0003,Assembly,22565422732,1212,2.5,9.75,1.25,0.0,5.0,1.25,1
936,P000118,D0003,Packing,22565422734,1222,0.666112,2.33,0.333333,0.0,5.0,0.33277900000000005,1
937,P000118,D0003,Testing,0,1226,2.0,10.0,1.0,0.0,5.0,1.0,1
938,P000118,D0003,TestOpr,22565422733,1221,1.0,4.0,0.4,0.0,0.0,0.6,1
939,P000119,D0003,Assembly,22565422731,1211,2.5,9.75,1.25,0.0,5.0,1.25,1
940,P000119,D0003,Packing,22565422734,1222,0.666112,2.33,0.333333,0.0,5.0,0.33277900000000005,1
941,P000119,D0003,Testing,0,1225,2.0,10.0,1.0,0.0,5.0,1.0,1
942,P000119,D0003,TestOpr,22565422733,1221,1.0,4.0,0.4,0.0,0.0,0.6,1
943,P000120,D0003,Assembly,22565422731,1211,2.5,9.75,1.25,0.0,5.0,1.25,1
944,P000120,D0003,Packing,22565422734,1222,0.666112,2.33,0.333333,0.0,5.0,0.33277900000000005,1
945,P000120,D0003,Testing,0,1225,2.0,10.0,1.0,0.0,5.0,1.0,1
946,P000120,D0003,TestOpr,22565422733,1221,1.0,4.0,0.4,0.0,0.0,0.6,1
947,P000121,D0003,Assembly,22565422732,1212,2.5,9.75,1.25,0.0,5.0,1.25,1
948,P000121,D0003,Packing,22565422734,1222,0.666112,2.33,0.333333,0.0,5.0,0.33277900000000005,1
949,P000121,D0003,Testing,0,1226,2.0,10.0,1.0,0.0,5.0,1.0,1
950,P000121,D0003,TestOpr,22565422733,1221,1.0,4.0,0.4,0.0,0.0,0.6,1
951,P000122,D0003,Assembly,22565422731,1211,2.5,9.75,1.25,0.0,5.0,1.25,1
952,P000122,D0003,Packing,22565422734,1222,0.666112,2.33,0.333333,0.0,5.0,0.33277900000000005,1
953,P000122,D0003,Testing,0,1225,2.0,10.0,1.0,0.0,5.0,1.0,1
954,P000122,D0003,TestOpr,22565422733,1221,1.0,4.0,0.4,0.0,0.0,0.6,1
955,P000123,D0003,Assembly,22565422732,1212,2.5,9.75,1.25,0.0,5.0,1.25,1
956,P000123,D0003,Packing,22565422734,1222,0.666112,2.33,0.333333,0.0,5.0,0.33277900000000005,1
957,P000123,D0003,Testing,0,1226,2.0,10.0,1.0,0.0,5.0,1.0,1
958,P000123,D0003,TestOpr,22565422733,1221,1.0,4.0,0.4,0.0,0.0,0.6,1
959,P000124,D0003,Assembly,22565422731,1211,3.0,11.7,1.5,0.0,6.0,1.5,1
960,P000124,D0003,Packing,22565422734,1222,0.8,2.8,0.4,0.0,6.0,0.4,1
961,P000124,D0003,Testing,0,1225,2.4,12.0,1.2,0.0,6.0,1.2,1
963,P000124,D0003,TestOpr,22565422733,1221,1.2,4.8,0.48,0.0,0.0,0.72,1
964,P000125,D0003,Assembly,22565422732,1212,3.0,11.7,1.5,0.0,6.0,1.5,1
965,P000125,D0003,Packing,22565422734,1222,0.8,2.8,0.4,0.0,6.0,0.4,1
966,P000125,D0003,Testing,0,1226,2.4,12.0,1.2,0.0,6.0,1.2,1
967,P000125,D0003,TestOpr,22565422733,1221,1.2,4.8,0.48,0.0,0.0,0.72,1
968,P000126,D0003,Assembly,22565422731,1211,3.0,11.7,1.5,0.0,6.0,1.5,1
969,P000126,D0003,Packing,22565422734,1222,0.8,2.8,0.4,0.0,6.0,0.4,1
970,P000126,D0003,Testing,0,1225,2.4,12.0,1.2,0.0,6.0,1.2,1
971,P000126,D0003,TestOpr,22565422733,1221,1.2,4.8,0.48,0.0,0.0,0.72,1
972,P000127,D0003,Assembly,22565422732,1212,1.0,3.9,0.5,0.0,2.0,0.5,1
973,P000127,D0003,Packing,22565422734,1222,0.266112,0.93,0.133333,0.0,2.0,0.132779,1
974,P000127,D0003,Testing,0,1226,0.8,4.0,0.4,0.0,2.0,0.4,1
975,P000127,D0003,TestOpr,22565422733,1221,0.4,1.6,0.16,0.0,0.0,0.24000000000000002,1
976,P000128,D0003,Assembly,22565422731,1211,1.0,3.9,0.5,0.0,2.0,0.5,1
977,P000128,D0003,Packing,22565422734,1222,0.266112,0.93,0.133333,0.0,2.0,0.132779,1
978,P000128,D0003,Testing,0,1225,0.8,4.0,0.4,0.0,2.0,0.4,1
979,P000128,D0003,TestOpr,22565422733,1221,0.4,1.6,0.16,0.0,0.0,0.24000000000000002,1
980,P000129,D0003,Assembly,22565422732,1212,8.5,33.15,4.25,0.0,17.0,4.25,1
982,P000129,D0003,Testing,0,1225,6.8,34.0,3.4,0.0,17.0,3.4,1
985,P000130,D0003,Packing,22565422734,1222,3.333334,11.67,1.666667,0.0,25.0,1.666667,1
986,P000130,D0003,Testing,0,1226,10.0,50.0,5.0,0.0,25.0,5.0,1
987,P000130,D0003,TestOpr,22565422733,1221,5.0,20.0,2.0,0.0,0.0,3.0,1
990,P000132,D0003,Testing,0,1225,68.8,344.0,34.4,0.0,172.0,34.4,1
991,P000132,D0003,TestOpr,22565422733,1221,34.4,137.6,13.76,0.0,0.0,20.64,1
993,P000133,D0004,Finishing,0,1310,1.7,6.8,0.85,0.0,17.0,0.85,1
994,P000133,D0004,Packing,0,1310,2.266666,9.66,1.38,1.0,16.0,0.886666,1
996,P000134,D0004,Assembly,0,1310,2.666666,10.4,1.333333,0.0,4.0,1.333333,1
997,P000134,D0004,Finishing,0,1310,0.4,1.6,0.2,0.0,4.0,0.2,1
998,P000134,D0004,Packing,0,1310,0.533334,1.87,0.266667,0.0,4.0,0.266667,1
999,P000134,D0004,Testing,0,1310,2.666666,13.33,1.333333,0.0,4.0,1.333333,1
1000,P000135,D0004,Assembly,0,1310,2.666666,10.4,1.333333,0.0,4.0,1.333333,1
1001,P000135,D0004,Finishing,0,1310,0.4,1.6,0.2,0.0,4.0,0.2,1
1002,P000135,D0004,Packing,0,1310,0.533334,1.87,0.266667,0.0,4.0,0.266667,1
1003,P000135,D0004,Testing,0,1310,2.666666,13.33,1.333333,0.0,4.0,1.333333,1
1004,P000136,D0004,Assembly,0,1310,12.0,46.8,6.0,0.0,18.0,6.0,1
1005,P000136,D0004,Finishing,0,1310,1.8,7.2,0.9,0.0,18.0,0.9,1
1006,P000136,D0004,Packing,0,1310,2.4,8.4,1.2,0.0,18.0,1.2,1
1007,P000136,D0004,Testing,0,1310,12.0,60.0,6.0,0.0,18.0,6.0,1
1008,P000137,D0004,Assembly,22565422735,1311,8.0,31.2,4.0,0.0,12.0,4.0,1
1009,P000137,D0004,Finishing,22565422735,1311,1.2,4.8,0.6,0.0,12.0,0.6,1
1010,P000137,D0004,Packing,0,1310,1.6,5.6,0.8,0.0,12.0,0.8,1
1011,P000137,D0004,Testing,22565422736,1312,8.0,40.0,4.0,0.0,12.0,4.0,1
1012,P000138,D0004,Assembly,22565422735,1311,8.0,31.2,4.0,0.0,12.0,4.0,1
1013,P000138,D0004,Finishing,22565422735,1311,1.2,4.8,0.6,0.0,12.0,0.6,1
1014,P000138,D0004,Packing,22565422736,1312,1.6,5.6,0.8,0.0,12.0,0.8,1
1015,P000138,D0004,Testing,22565422736,1312,8.0,40.0,4.0,0.0,12.0,4.0,1
1016,P000139,D0004,Assembly,22565422735,1311,8.0,31.2,4.0,0.0,12.0,4.0,1
1017,P000139,D0004,Finishing,22565422735,1311,1.2,4.8,0.6,0.0,12.0,0.6,1
1018,P000139,D0004,Packing,0,1310,1.6,5.6,0.8,0.0,12.0,0.8,1
1019,P000139,D0004,Testing,0,1310,8.0,40.0,4.0,0.0,12.0,4.0,1
1020,P000140,D0004,Assembly,22565422735,1311,12.0,46.8,6.0,0.0,18.0,6.0,1
1021,P000140,D0004,Finishing,22565422735,1311,1.8,7.2,0.9,0.0,18.0,0.9,1
1022,P000140,D0004,Packing,22565422736,1312,2.4,8.4,1.2,0.0,18.0,1.2,1
1023,P000140,D0004,Testing,22565422736,1312,12.0,60.0,6.0,0.0,18.0,6.0,1
1024,P000141,D0004,Assembly,22565422735,1311,4.0,15.6,2.0,0.0,6.0,2.0,1
1025,P000141,D0004,Finishing,22565422735,1311,0.6,2.4,0.3,0.0,6.0,0.3,1
1026,P000141,D0004,Packing,22565422736,1312,0.8,2.8,0.4,0.0,6.0,0.4,1
1027,P000141,D0004,Testing,0,1315,4.0,20.0,2.0,0.0,6.0,2.0,1
1028,P000142,D0004,Assembly,22565422735,1311,2.666112,10.4,1.333333,0.0,4.0,1.332779,1
1029,P000142,D0004,Finishing,22565422735,1311,0.4,1.6,0.2,0.0,4.0,0.2,1
1030,P000142,D0004,Packing,22565422736,1312,0.533334,1.87,0.266667,0.0,4.0,0.266667,1
1031,P000142,D0004,Testing,0,1315,2.666112,13.33,1.333333,0.0,4.0,1.332779,1
1032,P000143,D0004,Assembly,22565422735,1311,2.666112,10.4,1.333333,0.0,4.0,1.332779,1
1033,P000143,D0004,Finishing,22565422735,1311,0.4,1.6,0.2,0.0,4.0,0.2,1
1034,P000143,D0004,Packing,22565422736,1312,0.533334,1.87,0.266667,0.0,4.0,0.266667,1
1035,P000143,D0004,Testing,22565422736,1312,2.666112,13.33,1.333333,0.0,4.0,1.332779,1
1036,P000144,D0004,Assembly,22565422735,1311,2.666666,10.4,1.333333,0.0,4.0,1.333333,1
1037,P000144,D0004,Finishing,0,1310,0.4,1.6,0.2,0.0,4.0,0.2,1
1038,P000144,D0004,Packing,22565422736,1312,0.533334,1.87,0.266667,0.0,4.0,0.266667,1
1039,P000144,D0004,Testing,22565422736,1312,2.666666,13.33,1.333333,0.0,4.0,1.333333,1
1040,P000145,D0004,Assembly,22565422735,1311,4.666112,18.2,2.333333,0.0,7.0,2.332779,1
1041,P000145,D0004,Finishing,22565422735,1311,0.7,2.8,0.35,0.0,7.0,0.35,1
1042,P000145,D0004,Packing,22565422736,1312,0.933334,3.27,0.466667,0.0,7.0,0.466667,1
1043,P000145,D0004,Testing,0,1315,4.666112,23.33,2.333333,0.0,7.0,2.332779,1
1044,P000146,D0004,Assembly,22565422735,1311,4.0,15.6,2.0,0.0,6.0,2.0,1
1045,P000146,D0004,Finishing,22565422735,1311,0.6,2.4,0.3,0.0,6.0,0.3,1
1046,P000146,D0004,Packing,22565422736,1312,0.8,2.8,0.4,0.0,6.0,0.4,1
1047,P000146,D0004,Testing,0,1315,4.0,20.0,2.0,0.0,6.0,2.0,1
1048,P000147,D0004,Assembly,22565422735,1311,4.0,15.6,2.0,0.0,6.0,2.0,1
1049,P000147,D0004,Finishing,22565422735,1311,0.6,2.4,0.3,0.0,6.0,0.3,1
1050,P000147,D0004,Packing,22565422736,1312,0.8,2.8,0.4,0.0,6.0,0.4,1
1051,P000147,D0004,Testing,22565422736,1312,4.0,20.0,2.0,0.0,6.0,2.0,1
1052,P000148,D0004,Assembly,22565422735,1311,2.666112,10.4,1.333333,0.0,4.0,1.332779,1
1053,P000148,D0004,Finishing,22565422735,1311,0.4,1.6,0.2,0.0,4.0,0.2,1
1054,P000148,D0004,Packing,22565422736,1312,0.533334,1.87,0.266667,0.0,4.0,0.266667,1
1055,P000148,D0004,Testing,0,1315,2.666112,13.33,1.333333,0.0,4.0,1.332779,1
1056,P000149,D0004,Assembly,22565422735,1311,2.666112,10.4,1.333333,0.0,4.0,1.332779,1
1057,P000149,D0004,Finishing,22565422735,1311,0.4,1.6,0.2,0.0,4.0,0.2,1
1058,P000149,D0004,Packing,22565422736,1312,0.533334,1.87,0.266667,0.0,4.0,0.266667,1
1059,P000149,D0004,Testing,0,1315,2.666112,13.33,1.333333,0.0,4.0,1.332779,1
1060,P000150,D0004,Assembly,22565422735,1311,2.666112,10.4,1.333333,0.0,4.0,1.332779,1
1061,P000150,D0004,Finishing,22565422735,1311,0.4,1.6,0.2,0.0,4.0,0.2,1
1062,P000150,D0004,Packing,22565422736,1312,0.533334,1.87,0.266667,0.0,4.0,0.266667,1
1063,P000150,D0004,Testing,22565422736,1312,2.666112,13.33,1.333333,0.0,4.0,1.332779,1
1064,P000151,D0004,Assembly,22565422735,1311,1.333334,5.2,0.666667,0.0,2.0,0.666667,1
1065,P000151,D0004,Finishing,22565422735,1311,0.2,0.8,0.1,0.0,2.0,0.1,1
1066,P000151,D0004,Packing,22565422736,1312,0.266112,0.93,0.133333,0.0,2.0,0.132779,1
1067,P000151,D0004,Testing,22565422736,1312,1.333334,6.67,0.666667,0.0,2.0,0.666667,1
1069,P000153,D0004,Finishing,22565422735,1311,2.5,10.0,1.25,0.0,25.0,1.25,1
1070,P000153,D0004,Packing,22565422736,1312,3.333334,11.67,1.666667,0.0,25.0,1.666667,1
1073,P000155,D0004,Finishing,0,1310,14.7,58.8,7.35,0.0,147.0,7.35,1
1074,P000155,D0004,Packing,0,1310,19.6,68.6,9.8,0.0,147.0,9.8,1
1076,P000156,D0005,Packing,22565422738,4111,0.0,0.0,0.0,0.0,319.0,0.0,1
1077,P000157,D0005,Packing,22565422738,4111,0.0,0.0,0.0,0.0,120.0,0.0,1
1078,P000160,D0003,Assembly,22565422731,1211,100.0,1.25,0.16,0.0,200.0,99.84,1
1080,P000160,D0003,TestOpr,22565422731,1221,40.0,0.4,0.04,0.0,0.0,39.96,1
1083,P000161,D0003,Testing,22565422731,1225,0.4,0.1,0.01,0.0,1.0,0.39,1
1087,P000163,D0003,Testing,22565422731,1225,0.4,0.1,0.01,0.0,1.0,0.39,1
1091,P000183,D0003,Assembly,22565422731,1211,5.0,19.5,2.5,0.0,10.0,2.5,1
1093,P000183,D0003,Testing,0,1225,4.0,20.0,2.0,0.0,10.0,2.0,1
1094,P000183,D0003,TestOpr,22565422733,1221,2.0,8.0,0.8,0.0,0.0,1.2,1
1095,P000184,D0003,Assembly,22565422724,1211,1.0,4.06,0.52,0.0,2.0,0.48,1
